'CFOO2',2017-10-05-00:00:00'
736973,-1.886055826
736975,-1.385884446
736977,-0.483971614
736979,1.716467417
736981,0.148050946
736983,-0.814327754
736985,0.604223847
736987,0.297386236
736989,1.147537844
736991,NaN
736993,NaN
736995,NaN
736997,NaN
736999,NaN
737001,NaN
737003,NaN
737005,NaN
737007,NaN
737009,NaN
737011,NaN
737013,-1.599774151
737015,0.547916714
737017,-1.849461867
737019,-1.419626158
737021,0.344120153
737023,-0.112322765
737025,0.671105788
737027,-0.771926007
737029,0.12746225
737031,-0.094986685
737033,1.740365061
737035,-0.445246539
737037,-0.857201831
737039,0.155349274
737041,-0.072743096
737043,-1.218246264
737045,-0.191839738
737047,0.005020199
737049,1.370892543
737051,-1.265532852
737054,-1.237960768
737054.25,-2.038799664
737054.5,0.924676294
737054.75,0.65635126
737055,-1.440053435
737055.25,-0.99265351
737055.5,-0.58996524
737055.75,-0.687046142
737056,0.446580028
737056.25,0.109155408
737056.5,0.085059842
737056.75,0.982346488
737057,-1.180375624
737057.25,0.518362279
737057.5,1.898296111
737057.75,0.426440645
737058,0.916193011
737058.25,1.070211985
737058.5,1.384595434
737058.75,-1.156803523
737059,-0.150119943
737059.25,-0.831758933
737059.5,-0.62047842
737059.75,-1.80124577
737060,0.494999583
737060.25,0.16064155
737060.5,3.196088396
737060.75,0.608728033
737061,0.001847077
737061.25,-2.2416818
737061.5,0.590688351
737061.75,-1.4567124
737062,0.138831298
737062.25,0.685662488
737062.5,1.78124783
737062.75,0.263682953
737063,-1.520301218
737063.25,-0.623071784
737063.5,1.305008661
737063.75,0.100499324
737064,0.280367253
737064.25,0.629276392
737064.5,-0.987201082
737064.75,-0.586241145
737065,-0.60644078
737065.25,1.393889293
737065.5,-0.061435786
737065.75,-0.99190696
737066,-0.309745165
737066.25,0.915920463
737066.5,0.342552034
737066.75,1.145794303
737067,-0.378511774
737067.25,-2.372087701
737067.5,-0.864394564
737067.75,0.081481081
737068,-0.568102598
737068.25,1.098713567
737068.5,-1.557427508
737068.75,0.235026528
737069,-0.248516147
737069.25,-2.671891499
737069.5,1.922097106
737069.75,-1.047420282
737070,0.322451088
737070.25,0.785036452
737070.5,-0.525256672
737070.75,1.063832527
737071,0.752219053
737071.25,-0.928089481
737071.5,0.791886036
737071.75,-0.243733747
737072,-1.834348044
737072.25,0.597578553
737072.5,1.861447148
737072.75,0.494839011
737073,-0.413450129
737073.25,-1.137730768
737073.5,0.065407064
737073.75,-0.728168739
737074,-0.977903831
737074.25,-0.602163031
737074.5,-1.692822257
737074.75,-0.194605575
737075,0.259649355
737075.25,0.186449128
737075.5,0.261417059
737075.75,-1.013171947
737076,-1.199723995
737076.25,-1.269722034
737076.5,-0.324226441
737076.75,-0.733963008
737077,0.130148144
737077.25,2.396263246
737077.5,-0.975489128
737077.75,0.275091062
737078,-1.541157152
737078.25,-0.463674924
737078.5,0.529505405
737078.75,-2.110310669
737079,1.012636881
737079.25,1.159052045
737079.5,0.472801454
737079.75,-0.784792063
737080,1.326567399
737080.25,0.131340317
737080.5,-0.607350238
737080.75,-1.3267591
737081,-0.312312538
737081.25,0.254136178
737081.5,0.978649853
737081.75,-0.629837931
737082,0.42339203
737082.25,-1.057170615
737082.5,-1.184390384
737082.75,1.154234427
737083,-1.447924947
737083.25,0.890254575
737083.5,1.219660079
737083.75,-0.46499877
737084,-0.590793443
737084.25,-1.322728648
737084.5,-0.646359244
737084.75,0.766816087
737085,0.824617956
737085.25,-0.145470661
737085.5,-1.424988615
737085.75,-0.42627522
737086,-0.48221378
737086.25,-0.68719661
737086.5,-0.545754111
737086.75,1.825832047
737087,0.168400334
737087.25,-0.500880352
737087.5,2.011166573
737087.75,0.220552961
737088,2.099195288
737088.25,1.223805857
737088.5,-2.3942877
737088.75,-1.714181331
737089,-1.805399493
737089.25,-1.026327466
737089.5,0.175604174
737089.75,0.276968091
737090,1.099969037
737090.25,-0.715834676
737090.5,1.04670423
737090.75,0.15495457
737091,-0.094898361
737091.25,0.248130721
737091.5,1.101883447
737091.75,-0.328458948
737092,-0.808037475
737092.25,-0.377157764
737092.5,1.438038478
737092.75,0.713457013
737093,-1.072296742
737093.25,0.405926165
737093.5,-0.92409979
737093.75,1.543763352
737094,-1.995049144
737094.25,-1.616142471
737094.5,0.819605897
737094.75,-0.535479315
737095,0.395326222
737095.25,-0.537259009
737095.5,0.15407789
737095.75,-2.083013788
737096,-0.758148562
737096.25,0.071497774
737096.5,-1.474886669
737096.75,-0.217556714
737097,-0.283299501
737097.25,-0.629145978
737097.5,0.045258837
737097.75,0.002368086
737098,-0.807929104
737098.25,-0.051875305
737098.5,1.028591085
737098.75,0.912367724
737099,-1.189821836
737099.25,1.37804559
737099.5,0.530755063
737099.75,1.728512375
737100,-0.267741492
737100.25,0.556525888
737100.5,2.20971055
737100.75,-0.215960748
737101,0.350223554
737101.25,1.669185058
737101.5,0.82213912
737101.75,0.17812311
737102,2.033999596
737102.25,0.746025306
737102.5,-2.137555853
737102.75,-0.1620425
737103,-0.754896142
737103.25,-1.045325804
737103.5,-0.668716259
737103.75,-0.388701248
737104,1.226221538
737104.25,-1.538545926
737104.5,-0.931044168
737104.75,-2.216687552
737105,1.568597669
737105.25,-1.679555649
737105.5,-0.80096721
737105.75,1.837974662
737106,0.206126393
737106.25,1.739578182
737106.5,-0.013836995
737106.75,-0.329904952
737107,-0.502018373
737107.25,-1.773000504
737107.5,-0.094471475
737107.75,1.596728798
737108,0.973918228
737108.25,0.71105556
737108.5,-1.410650452
737108.75,1.242696326
737109,1.333040608
737109.25,1.208669589
737109.5,-0.947323021
737109.75,0.879438615
737110,1.845465939
737110.25,1.825235254
737110.5,0.293913552
737110.75,-0.236157879
737111,-1.258979686
737111.25,0.120604874
737111.5,-0.144052581
737111.75,0.475830769
737112,-0.360921019
737112.25,0.153553345
737112.5,0.909154729
737112.75,0.767205356
737113,1.726725565
737113.25,0.876876078
737113.5,0.715914419
737113.75,0.087363291
737114,-0.743139313
737114.25,0.24155851
737114.5,-1.802678954
737114.75,-0.790600066
737115,0.953294453
737115.25,-0.608080904
737115.5,0.891084148
737115.75,0.733335477
737116,0.399629253
737116.25,-0.319000811
737116.5,0.726622803
737116.75,0.141803534
737117,-0.236386329
737117.25,1.240822129
737117.5,1.315159142
737117.75,2.657049872
737118,1.034082781
737118.25,0.261547766
737118.5,-2.532961274
737118.75,-1.136578553
737119,-0.915943429
737119.25,-0.727646898
737119.5,0.761122314
737119.75,0.313368068
737120,0.471813686
737120.25,0.135097647
737120.5,-0.132607492
737120.75,0.40795125
737121,-0.272794333
737121.25,-2.024873939
737121.5,-0.965246709
737121.75,1.266765117
737122,-1.669552669
737122.25,1.638037104
737122.5,-0.330853352
737122.75,-0.642435249
737123,0.226126592
737123.25,-0.377857022
737123.5,1.190414844
737123.75,-1.179578264
737124,-2.091255552
737124.25,0.749412352
737124.5,-0.991641711
737124.75,1.426962697
737125,0.373937301
737125.25,-0.284306102
737125.5,0.478672964
737125.75,0.050833664
737126,0.411926866
737126.25,0.355824828
737126.5,0.257367281
737126.75,-1.063256051
737127,0.522479597
737127.25,-0.21684441
737127.5,-1.056037281
737127.75,1.161109332
737128,1.985300451
737128.25,1.307508956
737128.5,0.470839293
737128.75,-0.315797802
737129,0.243496774
737129.25,0.074124824
737129.5,0.434846062
737129.75,-0.257292011
737130,-0.946987517
737130.25,0.271415661
737130.5,-0.85148958
737130.75,-0.470043698
737131,1.058686111
737131.25,-0.54442333
737131.5,0.305119927
737131.75,-0.235058817
737132,-0.683095392
737132.25,0.012104407
737132.5,-0.147878511
737132.75,-0.70804913
737133,-0.598335272
737133.25,1.422746885
737133.5,0.677481582
737133.75,0.660203548
737134,-0.38233319
737134.25,-0.258838983
737134.5,-1.644410182
737134.75,0.447696732
737135,-1.102522161
737135.25,1.117907857
737135.5,0.174116515
737135.75,-0.190714408
737136,-0.016601035
737136.25,0.263286909
737136.5,-0.815778343
737136.75,-0.456231455
737137,0.959556225
737137.25,-2.181138242
737137.5,0.85803464
737137.75,1.054827992
737138,0.454910166
737138.25,0.741117908
737138.5,0.450861497
737138.75,1.006152773
737139,-0.024119085
737139.25,-1.046436593
737139.5,-0.329930776
737139.75,1.087066014
737140,0.537416087
737140.25,-0.58991859
737140.5,1.378373515
737140.75,0.11961377
737141,-1.493246942
737141.25,0.434522079
737141.5,1.186552952
737141.75,1.532526526
737142,-0.11222555
737142.25,-0.790893882
737142.5,-1.368727285
737142.75,0.295759588
737143,0.570964998
737143.25,0.780793216
737143.5,-0.387253061
737143.75,-0.334990698
737144,-0.547380147
737144.25,0.142591409
737144.5,-0.456264762
737144.75,0.670792131
737145,-0.107879081
737145.25,-0.728377402
737145.5,0.257674814
737145.75,0.685016733
737146,0.721983636
737146.25,1.515049641
737146.5,0.988506784
737146.75,-0.275151834
737147,0.26976805
737147.25,0.576496363
737147.5,-1.188711636
737147.75,0.990974657
737148,-0.622764193
737148.25,1.590639653
737148.5,1.666156506
737148.75,-0.361093632
737149,-1.232771115
737149.25,-0.607940756
737149.5,-0.38505787
737149.75,0.670514101
737150,0.245994656
737150.25,0.598877626
737150.5,1.527726934
737150.75,-0.059177979
737151,-0.096975015
737151.25,-0.504396686
737151.5,-0.612901462
737151.75,0.392323621
737152,0.628608946
737152.25,-0.36494016
737152.5,-0.140907744
737152.75,-0.330362093
737153,0.000900632
737153.25,-0.67022888
737153.5,-0.281047998
737153.75,1.084242526
737154,-2.730766535
737154.25,-0.411946136
737154.5,-1.536832333
737154.75,0.531587184
737155,1.06557218
737155.25,1.188181185
737155.5,0.369484724
737155.75,0.887097255
737156,0.137104367
737156.25,1.283060589
737156.5,-2.557525593
737156.75,-1.806686075
737157,-0.581880315
737157.25,0.46303796
737157.5,1.03684313
737157.75,1.36206945
737158,-1.83492004
737158.25,1.243671973
737158.5,1.855839615
737158.75,0.043992288
737159,-1.379727341
737159.25,3.025374366
737159.5,-0.852187614
737159.75,0.56405932
737160,-0.357544795
737160.25,0.133428975
737160.5,1.866638162
737160.75,-0.722899826
737161,1.099272461
737161.25,1.684119452
737161.5,0.763430203
737161.75,0.715077303
737162,1.244300124
737162.25,-0.368910906
737162.5,-0.230847451
737162.75,-0.504093874
737163,1.050344911
737163.25,0.859767782
737163.5,0.872352328
737163.75,-1.531068422
737164,-0.643304356
737164.25,-0.768014181
737164.5,-1.591863805
737164.75,-0.250571572
737165,-0.280052774
737165.25,0.735300604
737165.5,0.938627692
737165.75,-0.943989046
737166,0.237949972
737166.25,-0.381265617
737166.5,0.37573985
737166.75,1.393210232
737167,-1.265315449
737167.25,0.006678373
737167.5,0.515298404
737167.75,-1.694697647
737168,1.103242597
737168.25,0.318185091
737168.5,2.421079933
737168.75,0.845495564
737169,0.792369593
737169.25,1.54564054
737169.5,-0.306848784
737169.75,1.175044277
737170,-0.141938868
737170.25,0.587949107
737170.5,0.150917692
737170.75,-0.28485445
737171,-0.995996448
737171.25,0.000928245
737171.5,0.11457223
737171.75,0.04660053
737172,0.026317628
737172.25,-0.215572887
737172.5,0.577131237
737172.75,0.745794504
737173,0.84647145
737173.25,-0.021695182
737173.5,-0.510563625
737173.75,1.605526213
737174,-0.168122892
737174.25,-0.422747908
737174.5,-0.75716236
737174.75,-0.121540316
737175,0.059022586
737175.25,-0.391494984
737175.5,-0.089248757
737175.75,-1.232354485
737176,-0.657407286
737176.25,-1.129288624
737176.5,0.035297672
737176.75,0.908445663
737177,-0.568379411
737177.25,-0.893828728
737177.5,-1.04902462
737177.75,0.549488486
737178,0.235902989
737178.25,0.141292359
737178.5,1.123617458
737178.75,-1.505813573
737179,1.363735061
737179.25,-1.585997889
737179.5,1.035380724
737179.75,0.234620556
737180,-0.528639679
737180.25,0.66064581
737180.5,0.898918159
737180.75,-0.246614844
737181,0.877324594
737181.25,1.680580739
737181.5,1.096915498
737181.75,1.398805456
737182,-0.872175701
737182.25,-1.121776067
737182.5,-1.804736504
737182.75,0.970362507
737183,-0.798435768
737183.25,-0.881060125
737183.5,-1.175638397
737183.75,-0.222625565
737184,-0.515646041
737184.25,0.221763946
737184.5,-1.050125453
737184.75,-0.308699516
737185,0.14964201
737185.25,1.614599037
737185.5,1.222203312
737185.75,-0.322866637
737186,1.556629886
737186.25,0.999833095
737186.5,-0.836269618
737186.75,-0.592328735
737187,-0.277677106
737187.25,1.430868537
737187.5,-0.270505275
737187.75,1.28820808
737188,-0.098718966
737188.25,2.075858655
737188.5,1.637443997
737188.75,-1.889936125
737189,0.875743106
737189.25,-0.506357675
737189.5,-1.618253779
737189.75,-0.692834656
737190,1.208067728
737190.25,-0.480801303
737190.5,1.344010852
737190.75,0.312993811
737191,0.553518009
737191.25,-1.325551863
737191.5,-1.008360933
737191.75,-0.273559505
737192,-0.262067317
737192.25,-0.196881665
737192.5,1.113883886
737192.75,-0.755177148
737193,0.642300729
737193.25,-1.110798391
737193.5,-1.096811831
737193.75,0.212972573
737194,1.94553581
737194.25,0.892142476
737194.5,-2.099081367
737194.75,-0.671424241
737195,-0.784878771
737195.25,-1.246246586
737195.5,1.303996567
737195.75,0.020606412
737196,-1.555855074
737196.25,0.309714586
737196.5,-0.291740094
737196.75,-1.01570619
737197,0.475536407
737197.25,-0.908050292
737197.5,-0.025996075
737197.75,-0.733178295
737198,-1.746389866
737198.25,-0.578799245
737198.5,-0.199628119
737198.75,0.417132956
737199,0.643685448
737199.25,-0.500796503
737199.5,0.203034978
737199.75,-0.398762577
737200,0.115513042
737200.25,-1.387146047
737200.5,0.557926058
737200.75,-0.115850285
737201,-0.166616957
737201.25,0.737811548
737201.5,-1.152426501
737201.75,0.778277479
737202,-1.064360397
737202.25,0.307008002
737202.5,-0.226733281
737202.75,-0.463726536
737203,0.652982633
737203.25,1.008987241
737203.5,0.526122844
737203.75,0.200977077
737204,-0.139286471
737204.25,-1.853426291
737204.5,-1.203251703
737204.75,1.067718742
737205,-0.112770676
737205.25,-0.192765143
737205.5,0.000699637
737205.75,0.18040347
737206,-0.153948763
737206.25,0.7437958
737206.5,-0.389468413
737206.75,-1.235249596
737207,0.606234502
737207.25,1.57030143
737207.5,-0.512255035
737207.75,0.93473337
737208,-0.175444012
737208.25,0.005906047
737208.5,0.402964412
737208.75,-0.516520927
737209,0.573818413
737209.25,-0.554664773
737209.5,-0.339520463
737209.75,0.246007939
737210,1.809249547
737210.25,0.046351553
737210.5,-0.932967244
737210.75,1.232106047
737211,-0.112456296
737211.25,0.795824109
737211.5,-0.387597142
737211.75,-0.351434239
737212,-1.019975263
737212.25,0.790347757
737212.5,0.451597153
737212.75,-1.102764808
737213,-0.655977238
737213.25,0.502836594
737213.5,-0.863418259
737213.75,0.636268237
737214,-1.673084751
737214.25,0.815443228
737214.5,-0.476306849
737214.75,-0.405809534
737215,1.038659417
737215.25,-0.784682477
737215.5,-1.104383671
737215.75,1.522067816
737216,-0.851277926
737216.25,0.583987837
737216.5,0.617294582
737216.75,0.310477287
737217,0.446864544
737217.25,-0.552541446
737217.5,0.933332573
737217.75,0.810438389
737218,0.366684757
737218.25,-1.982711345
737218.5,-0.622620189
737218.75,-0.568685586
737219,1.331172941
737219.25,1.026169096
737219.5,-0.369291741
737219.75,1.532594016
737220,0.217814983
737220.25,0.661849323
737220.5,-2.193503677
737220.75,-0.597612974
737221,-0.715647248
737221.25,-0.102476062
737221.5,0.349094257
737221.75,0.104476907
737222,-0.969129788
737222.25,1.728534338
737222.5,0.724625135
737222.75,0.504653416
737223,1.265682528
737223.25,-0.253912381
737223.5,-0.015113308
737223.75,1.536217972
737224,1.324379825
737224.25,-1.498209578
737224.5,2.101283513
737224.75,0.338878253
737225,-0.491194618
737225.25,-0.234447743
737225.5,-0.499028886
737225.75,-0.587977284
737226,1.048245237
737226.25,1.859549294
737226.5,1.263028875
737226.75,0.597962731
737227,0.848940378
737227.25,-0.849100048
737227.5,1.614938988
737227.75,1.665670349
737228,-1.330869621
737228.25,-0.72936193
737228.5,1.567252445
737228.75,-0.111063313
737229,-0.295004355
737229.25,-2.256405304
737229.5,0.008233824
737229.75,-0.485264374
737230,-0.50933307
737230.25,-1.501801455
737230.5,0.532457007
737230.75,2.850693373
737231,-0.534827135
737231.25,-0.053225672
737231.5,0.420845445
737231.75,-0.699381606
737232,0.579913574
737232.25,0.043004959
737232.5,-0.564586123
737232.75,-0.040642986
737233,0.700216304
737233.25,-0.91568094
737233.5,0.153953165
737233.75,0.08828947
737234,-0.803398387
737234.25,1.268211646
737234.5,-1.238241211
737234.75,0.761243777
737235,-0.88065173
737235.25,-0.193217313
737235.5,1.107038525
737235.75,0.295689932
737236,-1.839013656
737236.25,-0.80449818
737236.5,-0.894703605
737236.75,-0.914609969
737237,0.431546661
737237.25,0.205587617
737237.5,-1.321670704
737237.75,3.35346038
737238,0.122993426
737238.25,-1.86152704
737238.5,-0.180939663
737238.75,-0.595668248
737239,-0.810151372
737239.25,-0.857583885
737239.5,1.292655
737239.75,0.366471159
737240,-0.005800881
737240.25,-0.115754381
737240.5,0.051732547
737240.75,-0.407787473
737241,-1.027333153
737241.25,-1.843995684
737241.5,0.156326852
737241.75,-0.423957191
737242,-0.885733278
737242.25,-0.279341346
737242.5,0.430111378
737242.75,0.005855733
737243,0.720126189
737243.25,0.605674713
737243.5,0.784097862
737243.75,0.193117604
737244,-0.758556363
737244.25,2.151986634
737244.5,1.696624642
737244.75,-1.214402387
737245,0.194296332
737245.25,-1.792062253
737245.5,1.180606907
737245.75,0.063329694
737246,-0.97127948
737246.25,-2.898669342
737246.5,-2.244349321
737246.75,2.124376021
737247,-1.795141557
737247.25,0.756654121
737247.5,-0.71333204
737247.75,0.348374152
737248,1.111053604
737248.25,0.612833503
737248.5,1.138238016
737248.75,0.357889633
737249,-0.446884033
737249.25,2.061481206
737249.5,1.14611307
737249.75,-1.275257703
737250,-1.149328946
737250.25,0.776129466
737250.5,0.375023869
737250.75,0.262221282
737251,0.232373986
737251.25,-0.627076109
737251.5,0.31522968
737251.75,2.015146137
737252,-0.169560513
737252.25,-1.232878344
737252.5,-2.36105723
737252.75,0.744423923
737253,0.098690714
737253.25,0.316796197
737253.5,0.043248275
737253.75,-1.336026528
737254,1.160518955
737254.25,2.06462223
737254.5,0.292745405
737254.75,0.415704118
737255,0.127084059
737255.25,0.541719692
737255.5,-0.322043607
737255.75,-1.015953028
737256,0.478189575
737256.25,-0.166391961
737256.5,0.107803706
737256.75,-1.331722777
737257,0.870627633
737257.25,0.180510712
737257.5,-0.551125377
737257.75,-1.399063029
737258,0.52923531
737258.25,0.098791835
737258.5,0.586739192
737258.75,0.253329505
737259,1.554310558
737259.25,-0.329471519
737259.5,-0.342663251
737259.75,0.091362929
737260,1.525802413
737260.25,-0.298348686
737260.5,0.097787786
737260.75,0.276161516
737261,-0.062122501
737261.25,-0.074457201
737261.5,-0.665691707
737261.75,-0.793320772
737262,-0.40647223
737262.25,-0.025018859
737262.5,0.467588196
737262.75,-1.356852633
737263,1.614336014
737263.25,-0.224097668
737263.5,-0.158720097
737263.75,1.262249881
737264,-0.306483823
737264.25,0.591613695
737264.5,-0.603526737
737264.75,-1.578389557
737265,0.160850708
737265.25,-0.319137774
737265.5,0.952974453
737265.75,-1.43489052
737266,0.943039765
737266.25,-0.489811078
737266.5,0.685516555
737266.75,0.625501999
737267,0.256053819
737267.25,0.051974028
737267.5,-0.791593543
737267.75,0.722512133
737268,0.270449972
737268.25,1.408862242
737268.5,-0.414660957
737268.75,1.033510226
737269,2.209888149
737269.25,-0.39221531
737269.5,-0.450627668
737269.75,-0.07174556
737270,-0.086790543
737270.25,-0.666353522
737270.5,0.547749957
737270.75,-0.08161409
737271,0.303746127
737271.25,-0.350444117
737271.5,2.685681357
737271.75,0.80479598
737272,0.645547516
737272.25,0.56033308
737272.5,-0.656883396
737272.75,0.571444175
737273,-1.168372382
737273.25,1.989121323
737273.5,0.82281592
737273.75,-2.09486704
737274,0.415310397
737274.25,-0.310738338
737274.5,0.473152214
737274.75,0.062684278
737275,0.706961067
737275.25,0.007803316
737275.5,-0.845044552
737275.75,0.011179247
737276,1.013240717
737276.25,-0.092064807
737276.5,-0.520642736
737276.75,0.231144388
737277,-0.884613148
737277.25,-0.417420867
737277.5,-0.468984964
737277.75,-0.506037374
737278,2.52315166
737278.25,2.143751018
737278.5,-1.065393148
737278.75,0.014029994
737279,-0.708459519
737279.25,2.017255371
737279.5,2.070977243
737279.75,0.117889373
737280,-0.877051303
737280.25,-0.215983506
737280.5,1.203344672
737280.75,0.617044887
737281,-1.348373504
737281.25,0.260915976
737281.5,0.586476937
737281.75,0.890103874
737282,-0.961271261
737282.25,-0.663991632
737282.5,-1.569075405
737282.75,0.341001346
737283,0.379098305
737283.25,1.139275183
737283.5,-2.651501261
737283.75,-0.289140652
737284,1.720765521
737284.25,0.046426345
737284.5,-0.196672167
737284.75,-0.138347889
737285,-0.221967874
737285.25,0.166353334
737285.5,0.133309212
737285.75,-1.026809658
737286,0.622225614
737286.25,0.26169124
737286.5,0.443239179
737286.75,-1.056406299
737287,1.252542257
737287.25,-0.443490625
737287.5,0.350613845
737287.75,1.525797498
737288,0.738806363
737288.25,-1.763554305
737288.5,0.020701989
737288.75,0.241669296
737289,0.011647177
737289.25,-1.025742185
737289.5,0.497735792
737289.75,-0.297272013
737290,-0.162461853
737290.25,0.989567895
737290.5,-0.474858878
737290.75,-0.543397581
737291,-0.711189346
737291.25,0.249834301
737291.5,-0.262471694
737291.75,-2.139914918
737292,-0.686174309
737292.25,0.429828472
737292.5,-0.101266595
737292.75,-0.0283982
737293,2.305416221
737293.25,-1.457165891
737293.5,0.248519331
737293.75,-1.32545358
737294,-1.020831471
737294.25,-0.052872452
737294.5,-1.180158378
737294.75,-0.017100594
737295,0.446024976
737295.25,0.6872951
737295.5,1.626345554
737295.75,-0.44514568
737296,0.752782785
737296.25,-1.204561264
737296.5,0.820374069
737296.75,-0.03492238
737297,-0.095769441
737297.25,-0.229167086
737297.5,-0.236733485
737297.75,0.812090194
737298,-0.762823962
737298.25,0.562823756
737298.5,0.464868993
737298.75,-0.299796397
737299,-1.475929304
737299.25,0.237432483
737299.5,1.794256599
737299.75,0.403551783
737300,-0.869826402
737300.25,-1.007415143
737300.5,-0.462035707
737300.75,0.701024124
737301,1.022237702
737301.25,-0.195795167
737301.5,0.87303514
737301.75,1.937502916
737302,0.097419694
737302.25,0.474837462
737302.5,1.938525294
737302.75,-1.923890486
737303,-0.327298612
737303.25,1.60074227
737303.5,0.22652913
737303.75,0.914518568
737304,-1.173192558
737304.25,1.606196637
737304.5,1.073551013
737304.75,0.994554094
737305,-0.485561389
737305.25,0.238578864
737305.5,-0.036020188
737305.75,1.41892196
737306,-1.137829157
737306.25,-0.073397324
737306.5,-1.66611184
737306.75,0.288408827
737307,0.587435686
737307.25,-0.577087072
737307.5,-0.378528013
737307.75,1.251834128
737308,-0.213610392
737308.25,-1.121386517
737308.5,-0.569769351
737308.75,-0.637602282
737309,0.517531247
737309.25,-0.193369982
737309.5,0.976247662
737309.75,-0.156302111
737310,-0.136287224
737310.25,0.413020705
737310.5,-0.166951802
737310.75,-0.348747372
737311,-0.175910293
737311.25,1.307755237
737311.5,0.005246758
737311.75,-2.059008664
737312,-1.106899097
737312.25,0.084030916
737312.5,1.42251118
737312.75,-2.238374598
737313,-0.978085653
737313.25,-1.844987892
737313.5,-0.025931103
737313.75,-0.298083102
737314,0.869263938
737314.25,-1.844919707
737314.5,0.405417344
737314.75,0.31148181
737315,1.466017033
737315.25,0.262884634
737315.5,0.261843531
737315.75,0.992180234
737316,0.051338683
737316.25,-0.875141466
737316.5,-0.075768445
737316.75,-0.158494943
737317,-2.001012766
737317.25,-1.270572678
737317.5,0.323231318
737317.75,-0.235112741
737318,-1.253728452
737318.25,0.291988037
737318.5,0.480039109
737318.75,0.920968807
737319,0.184135992
737319.25,0.705426479
737319.5,1.205671832
737319.75,-2.25829273
737320,1.162434952
737320.25,-0.889452274
737320.5,0.21363353
737320.75,0.956403322
737321,-0.715873924
737321.25,0.428198136
737321.5,0.48491418
737321.75,-0.337468093
737322,-0.53390637
737322.25,-1.183669886
737322.5,1.10549066
737322.75,0.071077106
737323,0.21951311
737323.25,-0.317794611
737323.5,1.57213662
737323.75,-1.542350217
737324,-1.37377166
737324.25,1.215142073
737324.5,-1.445936751
737324.75,-1.724788577
737325,0.803840201
737325.25,0.581551679
737325.5,-0.090033892
737325.75,-0.707071192
737326,-0.939131073
737326.25,-0.72644519
737326.5,-0.051227008
737326.75,0.53840069
737327,-0.562583088
737327.25,-1.604164937
737327.5,0.02667924
737327.75,-0.734857232
737328,0.31198987
737328.25,-2.202343827
737328.5,-0.815580051
737328.75,0.489489318
737329,-0.966522508
737329.25,1.429409629
737329.5,0.745276028
737329.75,-0.827135931
737330,0.111632173
737330.25,-0.035263953
737330.5,-1.33229621
737330.75,0.167985559
737331,0.409499674
737331.25,1.25207295
737331.5,0.980601222
737331.75,-1.713346288
737332,0.542758158
737332.25,1.142887015
737332.5,-0.465086654
737332.75,-0.792022787
737333,0.402575468
737333.25,-0.251866514
737333.5,-0.434644997
737333.75,-0.332042628
737334,-0.449947126
737334.25,-2.104069251
737334.5,-1.083245833
737334.75,0.440633751
737335,0.019862186
737335.25,0.776821473
737335.5,-2.232307404
737335.75,1.707250047
737336,-1.082676742
737336.25,0.510543358
737336.5,-0.312303602
737336.75,-0.253818382
737337,1.317209686
737337.25,0.153175452
737337.5,-0.133705235
737337.75,-2.285030666
737338,-0.26804502
737338.25,-1.281508342
737338.5,-0.332593219
737338.75,-1.045762095
737339,0.373936562
737339.25,-0.246608977
737339.5,-1.318526082
737339.75,-0.443639959
737340,0.330362597
737340.25,-0.302158793
737340.5,-0.96740878
737340.75,0.532792406
737341,0.395886617
737341.25,-0.780401161
737341.5,-0.167069876
737341.75,-0.509043024
737342,-0.932185657
737342.25,-0.835284695
737342.5,-2.021107743
737342.75,0.386884503
737343,2.863750335
737343.25,0.31399032
737343.5,0.714922937
737343.75,1.451143764
737344,-1.170448509
737344.25,-0.607286333
737344.5,-1.962918979
737344.75,0.755808471
737345,-0.601046362
737345.25,-0.055321259
737345.5,-2.173617941
737345.75,1.446378688
737346,0.781173568
737346.25,-0.486765264
737346.5,2.86794755
737346.75,-1.368509797
737347,-1.312080288
737347.25,0.758581292
737347.5,0.893535217
737347.75,-0.551075174
737348,-0.329203942
737348.25,-0.443049034
737348.5,-0.580509503
737348.75,-0.351646337
737349,-0.224580745
737349.25,0.700010589
737349.5,0.948446885
737349.75,0.242222194
737350,0.100283273
737350.25,-0.696153531
737350.5,-1.408722131
737350.75,-0.180088588
737351,-0.917369873
737351.25,-1.426422102
737351.5,1.285102553
737351.75,0.413706074
737352,1.841570641
737352.25,1.184754766
737352.5,-0.758188699
737352.75,-1.346757635
737353,-1.147756456
737353.25,-0.758114234
737353.5,-1.568818259
737353.75,0.060063757
737354,-1.109406287
737354.25,-1.368462847
737354.5,0.309171833
737354.75,0.428656302
737355,0.144590317
737355.25,0.979523403
737355.5,0.358028451
737355.75,0.189216866
737356,-1.157243264
737356.25,-1.267930914
737356.5,-0.43715513
737356.75,0.564922724
737357,0.128592672
737357.25,0.437226714
737357.5,-0.011345505
737357.75,1.185934809
737358,-1.405160601
737358.25,3.048119129
737358.5,0.089510755
737358.75,-0.900323198
737359,-0.534177166
737359.25,-2.96365874
737359.5,0.905908062
737359.75,0.456839943
737360,0.330996571
737360.25,1.866473192
737360.5,0.769861974
737360.75,1.930548656
737361,0.515947565
737361.25,0.969069033
737361.5,1.431202929
737361.75,0.945588252
737362,-0.288093118
737362.25,0.151509718
737362.5,-0.61451121
737362.75,-0.729403452
737363,-1.271211617
737363.25,-0.301436991
737363.5,0.115043776
737363.75,-1.656230781
737364,0.167904834
737364.25,0.167777895
737364.5,0.171012794
737364.75,0.548493058
737365,-1.51406383
737365.25,-1.510045823
737365.5,0.587900333
737365.75,-1.568404639
737366,-0.055279189
737366.25,0.330648628
737366.5,-0.59915018
737366.75,-0.554103431
737367,1.623977192
737367.25,-1.196264525
737367.5,1.102687987
737367.75,1.043881631
737368,-1.192968183
737368.25,-1.371473076
737368.5,0.618210347
737368.75,-0.940434716
737369,0.411294857
737369.25,-0.187837388
737369.5,1.141247989
737369.75,1.085397761
737370,0.120260805
737370.25,1.280681882
737370.5,-0.623610985
737370.75,1.010113987
737371,-1.761879173
737371.25,0.362854733
737371.5,-0.174138943
737371.75,0.438132887
737372,0.196524025
737372.25,-0.301339172
737372.5,-1.304390254
737372.75,-0.594767805
737373,-0.663738441
737373.25,-0.612198852
737373.5,-0.214681246
737373.75,-0.237090494
737374,-0.680267158
737374.25,1.372149152
737374.5,-0.580133441
737374.75,-1.367814685
737375,-0.196696306
737375.25,1.865533703
737375.5,-1.983688236
737375.75,-0.773061634
737376,-0.777627638
737376.25,-1.969356542
737376.5,-0.58022857
737376.75,0.328463984
737377,1.617375431
737377.25,-0.360485249
737377.5,-0.197824222
737377.75,1.050842659
737378,0.173772118
737378.25,0.311150797
737378.5,-0.385810184
737378.75,2.035729414
737379,1.785452491
737379.25,-1.184732702
737379.5,-0.226003377
737379.75,-0.259192425
737380,0.96373239
737380.25,-0.52987453
737380.5,0.664003655
737380.75,-1.306818362
737381,0.071214817
737381.25,0.403160631
737381.5,-1.291366856
737381.75,-0.456796243
737382,0.94867053
737382.25,2.114347818
737382.5,0.428636683
737382.75,0.190640357
737383,1.404431842
737383.25,0.339129095
737383.5,-0.83824556
737383.75,-0.153007712
737384,-1.118007237
737384.25,0.449477996
737384.5,0.593672263
737384.75,-0.613494651
737385,-0.751689478
737385.25,1.085836519
737385.5,-2.191945324
737385.75,0.889116206
737386,-0.722524517
737386.25,1.786319219
737386.5,0.64065505
737386.75,-1.02146794
737387,-0.916756223
737387.25,0.820359859
737387.5,-1.305163418
737387.75,0.297528889
737388,0.017597005
737388.25,-1.235990881
737388.5,0.664293355
737388.75,-0.205302375
737389,-0.029570877
737389.25,-0.049040982
737389.5,0.7454515
737389.75,-0.217986011
737390,0.914981218
737390.25,-1.196979854
737390.5,-0.00402149
737390.75,-1.082544644
737391,-1.432088182
737391.25,0.654193109
737391.5,1.952962394
737391.75,0.364865081
737392,-0.500826242
737392.25,0.200806031
737392.5,-0.117475146
737392.75,1.292043755
737393,0.537390951
737393.25,0.181441505
737393.5,1.121443828
737393.75,1.688199496
737394,0.304089015
737394.25,-0.656853535
737394.5,1.476453088
737394.75,0.175485239
737395,0.707389266
737395.25,1.022666801
737395.5,-0.508664728
737395.75,-1.317316781
737396,-0.260843342
737396.25,1.614713598
737396.5,-0.314300866
737396.75,-0.181168471
737397,-0.903105197
737397.25,0.941988684
737397.5,-0.18290887
737397.75,-0.965027429
737398,-0.091848479
737398.25,-1.879356949
737398.5,-0.498350784
737398.75,0.076788441
737399,-0.045970741
737399.25,0.964367583
737399.5,-1.250866973
737399.75,0.031223197
737400,0.526744594
737400.25,0.345875465
737400.5,0.452417385
737400.75,0.312774528
737401,0.155910043
737401.25,-1.408380646
737401.5,-0.151848465
737401.75,-0.011346761
737402,0.998912603
737402.25,0.04837623
737402.5,-0.621225829
737402.75,-0.068458634
737403,-0.724217072
737403.25,0.179431669
737403.5,-0.360876233
737403.75,0.081199119
737404,0.59397623
737404.25,-1.362474887
737404.5,-0.23928705
737404.75,-0.958689489
737405,0.0819564
737405.25,0.211654179
737405.5,-0.309139517
737405.75,1.440257487
737406,0.767355461
737406.25,1.278029117
737406.5,0.977916559
737406.75,1.846957479
737407,0.554113231
737407.25,0.621625225
737407.5,-0.364631587
737407.75,-1.386630721
737408,-0.549016395
737408.25,0.386622017
737408.5,0.855418614
737408.75,-0.776854476
737409,-1.9930915
737409.25,0.489861055
737409.5,0.833724782
737409.75,-0.558405378
737410,0.868695005
737410.25,-0.235914519
737410.5,0.478901489
737410.75,0.227422923
737411,-0.497711388
737411.25,-0.928940422
737411.5,-0.671200531
737411.75,1.481898557
737412,-1.301191125
737412.25,0.568493211
737412.5,-0.34135711
737412.75,0.064153461
737413,-0.69617646
737413.25,0.929139137
737413.5,-0.297544886
737413.75,-0.486840213
737414,-0.779515891
737414.25,-0.083121169
737414.5,0.511511112
737414.75,-0.041405493
737415,1.605737753
737415.25,-0.038679017
737415.5,-0.924995096
737415.75,-1.020881493
737416,0.225367423
737416.25,1.258794542
737416.5,0.33001589
737416.75,0.256232437
737417,0.227507814
737417.25,0.188732434
737417.5,-0.838794005
737417.75,-0.508713235
737418,0.313434843
737418.25,1.958025475
737418.5,0.972973238
737418.75,1.051958904
737419,0.74189714
737419.25,-1.409021406
737419.5,1.165737001
737419.75,-2.728975757
737420,-0.347542768
737420.25,0.601614091
737420.5,0.191877294
737420.75,0.490075271
737421,-1.028756258
737421.25,-1.125905178
737421.5,-0.00247626
737421.75,-0.390793591
737422,-1.164531879
737422.25,-0.825529934
737422.5,0.150983322
737422.75,-2.036871794
737423,-1.525354991
737423.25,1.047061242
737423.5,0.029499554
737423.75,2.464378747
737424,0.446699521
737424.25,0.68074738
737424.5,-0.770774731
737424.75,1.52845605
737425,-0.141213775
737425.25,-1.701526125
737425.5,-1.612856858
737425.75,-0.538935893
737426,0.28600526
737426.25,-2.286519506
737426.5,-0.772885887
737426.75,-0.419206945
737427,0.632717465
737427.25,-0.23679932
737427.5,-1.525940319
737427.75,0.097869472
737428,2.167180281
737428.25,-0.330454749
737428.5,0.075882064
737428.75,0.901238847
737429,-1.090976002
737429.25,-2.456274288
737429.5,0.82714397
737429.75,-0.553805055
737430,1.873652776
737430.25,-0.999591125
737430.5,-0.132523965
737430.75,-1.531434566
737431,-0.643595329
737431.25,0.107416549
737431.5,-0.477069476
737431.75,1.21498567
737432,0.052106385
737432.25,-0.619614742
737432.5,1.020243066
737432.75,-2.008301952
737433,0.043843941
737433.25,0.555755789
737433.5,0.64258188
737433.75,0.698611617
737434,-0.128385615
737434.25,0.948822253
737434.5,-0.013036734
737434.75,-1.955601266
737435,-0.111330404
737435.25,-0.790242428
737435.5,-0.944197625
737435.75,-0.375633446
737436,-0.774686414
737436.25,-0.200834072
737436.5,1.340653883
737436.75,1.218497826
737437,1.578765315
737437.25,-0.641172532
737437.5,0.276608009
737437.75,1.971755959
737438,0.573341274
737438.25,-1.010965153
737438.5,0.751493648
737438.75,0.959854799
737439,-0.367886227
737439.25,-0.721040451
737439.5,0.367876739
737439.75,0.753646684
737440,0.459448415
737440.25,-1.588593697
737440.5,-0.275485613
737440.75,-1.399513662
737441,-1.265908022
737441.25,0.756734875
737441.5,-0.161241528
737441.75,0.106991191
737442,-0.610516754
737442.25,1.049754696
737442.5,-0.892767307
737442.75,-1.839602667
737443,0.406334822
737443.25,0.478242217
737443.5,-0.036828481
737443.75,2.241482596
737444,0.022398928
737444.25,-0.415988354
737444.5,0.130379914
737444.75,-0.451475373
737445,1.153057366
737445.25,-1.490261227
737445.5,-1.113503146
737445.75,-0.077799609
737446,-0.615735658
737446.25,-0.214398995
737446.5,-0.007923138
737446.75,1.348067121
737447,0.719457184
737447.25,-1.22928624
737447.5,-1.012856129
737447.75,-0.35275489
737448,2.069471663
737448.25,-0.748732117
737448.5,-0.506017199
737448.75,-0.487389756
737449,-0.217237586
737449.25,-2.404166017
737449.5,0.783809025
737449.75,-1.077558179
737450,1.065074025
737450.25,1.171030551
737450.5,-1.843097717
737450.75,1.268824336
737451,-1.140099505
737451.25,-1.32815437
737451.5,-0.380337662
737451.75,-0.956015758
737452,-1.792478077
737452.25,0.585817182
737452.5,0.735595956
737452.75,0.409221502
737453,-0.468353294
737453.25,0.829152047
737453.5,0.378241898
737453.75,-0.724114144
737454,0.612590979
737454.25,-0.924143168
737454.5,-1.326374094
737454.75,0.045959769
737455,0.286068043
737455.25,-1.285490706
737455.5,1.671674864
737455.75,-0.372830053
737456,0.835437748
737456.25,-0.090243428
737456.5,-2.046152496
737456.75,-1.759294939
737457,1.118152872
737457.25,-1.010584846
737457.5,2.360625636
737457.75,-0.002211087
737458,0.967113919
737458.25,-0.360869953
737458.5,-0.761457706
737458.75,1.116082719
737459,-0.845713455
737459.25,-1.884058076
737459.5,-1.595541327
737459.75,0.929956988
737460,-0.373155658
737460.25,0.493718092
737460.5,0.468153409
737460.75,-0.898650025
737461,0.106666751
737461.25,0.764912984
737461.5,-0.126840013
737461.75,0.217044151
737462,-0.113805263
737462.25,0.91511993
737462.5,-1.058034475
737462.75,0.981463063
737463,-1.003220883
737463.25,-0.720089772
737463.5,0.059568848
737463.75,-0.816159762
737464,0.446958375
737464.25,0.803086774
737464.5,1.566971974
737464.75,1.052847079
737465,0.754064035
737465.25,0.578085902
737465.5,0.382424244
737465.75,0.149916479
737466,0.780652376
737466.25,-0.561294376
737466.5,0.116027481
737466.75,2.031292986
737467,0.670430654
737467.25,0.342902414
737467.5,0.183377
737467.75,1.79275456
737468,-2.41126696
737468.25,0.120023108
737468.5,-0.491509653
737468.75,-0.972088871
737469,-1.413240518
737469.25,-0.180899239
737469.5,-0.199017907
737469.75,-0.444378993
737470,0.383421296
737470.25,-0.519959567
737470.5,-0.078026194
737470.75,0.952303017
737471,-1.149663734
737471.25,0.403450415
737471.5,-0.44782936
737471.75,-0.225826077
737472,0.47128263