Depl-Y1, '1993-08-16-12:00:00' 
728157.500000,27.224661
728164.750000,26.984550
728172.000000,27.033596
728179.250000,26.026354
728186.500000,26.669323
728193.750000,26.713565
728201.000000,26.750673
728208.500000,27.243343
728216.000000,26.973066
728223.250000,26.665067
728230.500000,26.762734
728237.750000,26.879976
728245.000000,26.372621
728252.250000,26.895089
728259.500000,26.989996
728266.750000,26.775019
728274.000000,27.058104
728281.250000,27.012772
728288.500000,27.640279
728295.750000,27.909651
728303.000000,28.557681
728307.125000,NaN
728311.250000,28.072548
728318.500000,27.398167
728325.750000,28.197454
728333.000000,28.058129
728340.250000,28.360951
728347.500000,28.215860
728354.750000,28.222783
728362.000000,28.147999
728369.250000,27.768858
728377.250000,27.439442
728384.500000,27.297701
728391.750000,26.984794
728399.000000,27.252908
728406.250000,26.824421
728413.500000,27.447875
728420.750000,27.799306
728428.000000,27.248956
728435.250000,28.051921
728442.500000,28.057383
728449.750000,27.766165
728457.000000,27.379305
728464.250000,28.115782
728471.500000,27.491776
728478.750000,27.420689
728486.000000,28.390871
728493.250000,28.162881
728500.500000,27.975992
728507.750000,27.511977
728515.000000,27.251620
728522.250000,26.936938
728529.500000,26.362321
728536.750000,26.824545
728544.000000,25.931652
728551.250000,25.762112
728558.500000,26.250687
728565.750000,25.793890
728573.000000,25.530150
728580.250000,25.443197
728587.500000,26.036921
728594.750000,26.256472
728600.000000,NaN
728605.250000,26.669141
728612.500000,26.798094
728619.750000,27.091891
728627.000000,26.171764
728634.250000,26.382989
728641.500000,26.453383
728648.750000,26.100920
728656.000000,25.910660
728663.250000,26.313094
728670.500000,26.201014
728677.750000,26.854995
728685.000000,26.927183
728692.250000,26.480644
728699.500000,27.174836
728706.750000,27.838680
728714.000000,27.194763
728721.250000,27.273846
728728.500000,27.532545
728735.750000,27.484129
728743.000000,27.476956
728750.250000,27.479883
728757.500000,27.528248
728764.750000,27.636540
728772.000000,27.556288
728779.250000,27.860740
728786.500000,27.338309
728793.750000,27.870310
728801.000000,27.918118
728808.250000,27.362378
728815.500000,27.404022
728822.750000,27.295880
728830.000000,26.800182
728837.250000,26.587047
728844.500000,25.804544
728851.750000,25.697640
728859.000000,25.742253
728866.250000,25.835702
728873.500000,25.876573
728880.750000,26.033235
728888.000000,26.169828
728895.250000,26.527840
728902.500000,26.610808
728909.750000,26.962196
728917.000000,26.597626
728924.250000,26.661553
728932.000000,27.356453
728938.937500,NaN
728945.875000,NaN
728952.812500,NaN
728959.750000,27.628674
728967.000000,27.266873
728974.250000,27.333828
728980.875000,NaN
728987.500000,27.561269
728994.520833,27.919844
729001.541667,27.738081
729008.583333,28.100670
729015.625000,28.577820
729022.666667,28.969745
729029.708333,28.110848
729036.750000,28.082788
729043.791667,27.938806
729050.833333,28.365176
729057.875000,28.252155
729064.916667,28.665788
729071.958333,28.204249
729079.000000,28.263566
729086.041667,28.501225
729093.083333,28.579179
729100.125000,28.948258
729107.166667,27.811966
729114.208333,28.146907
729121.250000,28.283860
729128.291667,28.066289
729135.333333,28.373927
729142.375000,27.531115
729149.416667,27.679561
729156.458333,27.449269
729163.500000,26.725400
729171.000000,26.723708
729178.500000,26.207417
729186.031250,NaN
729193.562500,26.696376
729200.750000,26.353601
729208.000000,26.382417
729215.250000,25.597493
729222.500000,25.675993
729229.750000,25.353318
729237.000000,25.409615
729244.250000,25.968706
729251.500000,26.271377
729258.750000,26.331720
729266.000000,26.594648
729273.250000,26.830466
729280.500000,26.778566
729287.750000,26.933516
729295.000000,26.109907
729302.250000,26.399047
729309.500000,26.682114
729316.750000,26.871541
729324.000000,27.151337
729331.250000,27.806770
729338.260417,27.787627
729344.630208,NaN
729351.000000,27.630324
729358.010417,27.548298
729364.802083,NaN
729371.593750,27.285098
729378.604167,27.858285
729385.614583,27.582249
729392.625000,27.293378
729399.635417,26.664195
729406.645833,25.796181
729413.656250,25.629132
729420.666667,25.735964
729427.677083,26.032895
729434.687500,25.908822
729441.697917,26.100158
729448.708333,26.682581
729455.718750,26.956172
729462.729167,26.753313
729469.739583,26.480096
729476.750000,25.441743
729483.760417,25.002414
729490.770833,25.140239
729497.781250,24.584933
729504.791667,25.435144
729511.802083,24.953278
729518.812500,24.463831
729525.822917,24.697382
729532.833333,24.353162
729539.843750,24.373305
729546.854167,24.590900
729553.864583,25.428800
729560.875000,24.907501
729567.885417,25.608949
729574.895833,25.587971
729581.906250,25.926398
729588.916667,26.111278
729595.927083,26.435585
729602.937500,26.462728
729609.947917,26.358618
729616.958333,26.157205
729623.968750,26.877574
729630.979167,26.499428
729637.989583,26.635697
729645.000000,26.999824
729652.010417,27.287948
729659.020833,26.934782
729666.031250,26.188239
729673.041667,26.566871
729680.052083,26.004461
729687.062500,25.906783
729694.072917,26.202086
729701.083333,26.695742
729708.093750,26.466539
729715.104167,26.142373
729722.114583,25.712076
729729.125000,25.610332
729736.135417,25.789325
729743.145833,25.886467
729750.156250,26.507619
729757.166667,27.107635
729764.343750,27.424715
729771.354167,27.049616
729778.364583,26.750428
729785.375000,26.423031
729792.385417,26.937578
729799.395833,27.242784
729806.406250,27.089602
729813.416667,26.612902
729820.427083,26.534651
729827.437500,26.538206
729834.447917,26.849251
729841.458333,26.703967
729848.468750,26.953209
729855.479167,27.173669
729862.489583,26.858277
729869.500000,26.936586
729876.510417,26.410987
729883.520833,26.515568
729890.531250,25.472394
729897.541667,25.176353
729904.552083,25.443010
729911.562500,26.555549
729918.572917,25.976807
729925.583333,26.991035
729932.593750,26.630863
729939.604167,26.728926
729946.614583,26.820046
729953.625000,26.414999
729960.635417,26.892208
729967.645833,26.433578
729974.656250,26.798822
729981.666667,26.579560
729988.677083,26.867391
729995.687500,27.018602
730002.697917,26.664812
730009.708333,26.677815
730016.718750,27.276018
730023.729167,27.529545
730030.739583,26.679328
730037.750000,26.901805
730044.760417,26.690977
730051.770833,26.810760
730058.781250,26.518008
730065.791667,26.497364
730072.802083,26.979295
730079.812500,27.097743
730086.822917,26.759529
730093.833333,26.776798
730100.843750,26.867823
730107.854167,27.697984
730114.864583,27.129611
730121.875000,27.297351
730128.885417,27.382395
730135.895833,27.484524
730142.906250,27.456010
730149.916667,27.466295
730156.927083,27.071245
730163.937500,26.981318
730170.947917,26.830886
730177.958333,26.756488
730184.968750,26.243852
730191.979167,26.211858
730198.989583,25.834039
730206.000000,25.931566
730213.010417,26.052823
730220.020833,26.817581
730227.031250,27.024561
730234.041667,26.892764
730241.052083,26.607299
730248.062500,27.015309
730255.072917,26.588650
730262.083333,26.848950
730269.093750,26.716803
730276.104167,26.390213
730283.114583,25.828583
730290.125000,26.187194
730297.135417,26.016896
730304.145833,26.540053
730311.156250,26.836142
730318.166667,26.523161
730325.177083,26.680000
730332.187500,27.180553
730339.197917,27.554675
730346.208333,27.642937
730353.218750,27.658008
730360.229167,27.816605
730367.239583,27.459716
730374.250000,27.537680
730381.260417,27.244989
730388.270833,27.059109
730395.281250,26.901690
730402.291667,26.937687
730409.302083,27.679166
730416.312500,27.553048
730423.322917,27.382964
730430.333333,27.143050
730437.343750,27.488552
730444.354167,27.971120
730451.364583,28.119867
730458.375000,27.979065
730465.385417,27.665999
730472.395833,27.886167
730479.406250,27.898133
730486.416667,27.933707
730493.427083,27.237531
730500.437500,27.700249
730507.447917,27.705786
730514.458333,27.444762
730521.468750,27.260095
730528.479167,26.671050
730535.489583,26.696250
730542.500000,26.334472
730549.510417,26.357541
730556.520833,26.583377
730563.531250,26.813290
730570.541667,26.261623
730577.552083,25.640726
730584.562500,25.981189
730591.572917,25.499714
730598.583333,25.589880
730605.593750,25.653131
730612.604167,24.961861
730619.614583,25.927983
730626.625000,25.590959
730633.635417,24.929753
730640.645833,24.726758
730647.656250,24.256764
730654.666667,24.382643
730661.677083,24.850510
730668.687500,25.217193
730675.697917,25.379217
730682.708333,25.689162
730689.718750,25.468975
730696.729167,25.677719
730703.739583,25.474097
730710.750000,25.689114
730717.760417,25.881656
730724.770833,26.403774
730731.781250,25.442291
730738.791667,25.515221
730745.802083,25.872539
730752.812500,26.084480
730759.822917,25.801430
730766.833333,25.684738
730773.843750,25.354046
730780.854167,25.466269
730787.864583,25.363677
730794.875000,25.365271
730801.885417,25.679536
730808.895833,25.588505
730815.906250,26.015535
730822.916667,25.799096
730829.927083,26.315538
730836.937500,26.971256
730843.947917,27.248958
730850.958333,27.035917
730857.968750,26.821301
730864.979167,26.493162
730871.989583,26.257931
730879.000000,26.339724
730886.010417,26.591075
730893.020833,26.395257
730900.031250,26.128201
730907.041667,26.317066
730914.052083,26.243772
730921.062500,26.041180
730928.072917,26.649001
730935.083333,26.595892
730942.093750,26.542872
730949.104167,26.633940
730956.114583,26.666007
730963.125000,26.908913
730970.135417,26.500286
730977.145833,25.871887
730984.156250,25.753854
730991.166667,25.819492
730998.177083,26.307234
731005.187500,26.544635
731012.197917,26.172364
731019.208333,26.123716
731026.218750,25.603479
731033.229167,25.824832
731040.239583,26.610738
731047.250000,26.672062
731054.260417,26.249840
731061.270833,26.049263
731068.281250,26.143075
731075.291667,25.782162
731082.302083,25.938189
731089.312500,25.627085
731096.322917,26.010492
731103.333333,26.304004
731110.343750,26.778133
731117.354167,26.425211
731124.364583,26.336378
731131.375000,25.831856
731138.385417,25.260859
731145.395833,25.440679
731152.406250,25.611157
731159.416667,26.334767
731166.427083,26.328280
731173.437500,26.141766
731180.447917,25.898376
731187.458333,26.121069
731194.468750,25.847591
731201.479167,26.202455
731208.489583,26.642727
731215.500000,26.604939
731222.510417,26.742012
731229.520833,26.887736
731236.531250,26.897217
731243.541667,27.059257
731250.552083,26.273928
731257.562500,25.969729
731264.572917,26.031275
731271.583333,26.765247
731278.593750,26.822850
731285.604167,26.266804
731292.614583,26.080623
731299.625000,25.312543
731306.635417,25.216201
731313.645833,24.952445
731320.656250,25.092004
731327.666667,25.278455
731334.677083,25.209790
731341.687500,25.088615
731348.697917,25.941091
731355.708333,26.112421
731362.718750,26.615892
731369.729167,26.777105
731376.739583,26.819332
731383.750000,26.754214
731390.760417,26.873303
731397.770833,26.686242
731404.781250,26.402432
731411.791667,27.160877
731418.802083,26.868302
731425.812500,27.028873
731432.822917,26.451888
731439.833333,26.502807
731446.843750,26.514721
731453.854167,26.911143
731460.864583,26.814239
731467.875000,26.632545
731474.885417,27.402123
731481.895833,27.124193
731488.906250,26.645114
731495.916667,27.095872
731503.000000,26.746419
731510.010417,26.085989
731517.020833,25.508057
731524.031250,26.130116
731531.041667,26.055656
731538.052083,26.480234
731545.062500,26.122741
731552.072917,26.502918
731559.083333,26.859367
731566.093750,26.702833
731573.104167,26.681981
731580.114583,26.581773
731587.125000,27.048831
731594.135417,26.141540
731601.145833,26.212597
731608.156250,25.856667
731615.166667,25.965728
731622.177083,25.952045
731629.187500,25.649678
731636.197917,25.747398
731643.208333,26.175202
731650.218750,26.124943
731657.229167,26.400837
731664.239583,26.422998
731671.250000,26.514490
731678.260417,26.179841
731685.270833,26.704831
731692.281250,26.600242
731699.291667,25.819618
731706.302083,25.711659
731713.312500,25.352938
731720.322917,25.017219
731727.333333,24.300963
731734.343750,25.111764
731741.354167,25.836413
731748.364583,25.776796
731755.375000,26.177502
731762.385417,26.385407
731769.395833,26.068504
731776.406250,26.127180
731783.416667,26.447641
731790.427083,26.300239
731797.437500,25.836519
731804.447917,25.718636
731811.458333,25.403839
731818.468750,25.577424
731825.479167,25.350451
731832.489583,25.705221
731839.500000,25.935344
731846.510417,25.946752
731853.520833,26.202661
731860.531250,26.552246
731867.541667,26.712223
731874.552083,26.093531
731881.562500,25.657358
731888.572917,26.358905
731895.583333,26.635781
731902.593750,25.993654
731909.604167,25.923945
731916.614583,25.227099
731923.625000,24.883737
731930.635417,24.793197
731937.645833,25.202091
731944.656250,25.467364
731951.666667,25.343855
731958.677083,25.855997
731965.687500,25.244599
731972.697917,25.220689
731979.708333,25.330795
731986.718750,25.219561
731993.729167,25.393815
732000.739583,25.835466
732007.750000,26.508081
732014.760417,26.640163
732021.770833,26.262160
732028.781250,26.483238
732035.791667,26.029797
732042.802083,26.183943
732049.812500,26.111863
732056.822917,26.186387
732063.833333,26.458802
732070.843750,26.864507
732077.854167,26.825514
732084.864583,26.262199
732091.875000,26.556990
732098.885417,27.507768
732105.895833,26.940498
732112.906250,26.607816
732119.916667,26.320333
732126.927083,25.821657
732133.937500,25.703656
732141.000000,25.908850
732148.010417,26.309217
732155.020833,25.793408
732162.031250,26.319966
732169.041667,25.914328
732176.052083,25.911044
732183.062500,25.700941
732190.072917,25.362219
732197.083333,24.962090
732204.093750,25.319435
732211.104167,24.983490
732218.114583,25.402888
732225.125000,25.259717
732232.135417,25.498589
732239.145833,25.201472
732246.156250,24.846314
732253.166667,24.877333
732260.177083,24.836754
732267.187500,24.745860
732274.197917,24.647293
732281.208333,24.266251
732288.218750,24.320602
732295.229167,23.958427
732302.239583,24.535808
732309.250000,24.667322
732316.260417,24.520336
732323.270833,24.532411
732330.281250,24.402004
732337.291667,25.022628
732344.302083,24.788033
732351.312500,24.993738
732358.322917,25.111595
732365.333333,25.027225
732372.343750,24.396115
732379.354167,24.042975
732386.364583,23.978433
732393.375000,24.273394
732400.385417,24.550738
732407.395833,24.675043
732414.406250,24.755080
732421.416667,24.485547
732428.427083,24.549491
732435.437500,24.805362
732442.447917,25.134960
732449.458333,25.166165
732456.468750,25.567979
732463.479167,24.915111
732470.489583,24.878019
732477.500000,25.399780
732484.510417,24.842495
732491.520833,25.160381
732498.531250,25.558816
732505.541667,25.520314
732512.552083,25.714963
732519.562500,25.412564
732526.572917,25.248762
732533.583333,25.175194
732540.593750,24.567497
732547.604167,24.604086
732554.614583,24.431750
732561.625000,24.192937
732568.635417,24.126778
732575.645833,23.549114
732582.656250,23.178130
732589.666667,23.434137
732596.677083,23.509762
732603.687500,23.974018
732610.697917,22.968241
732617.708333,23.250654
732624.718750,23.387799
732631.729167,24.216943
732638.739583,23.337307
732645.750000,23.301204
732652.760417,23.214385
732659.770833,23.242633
732666.781250,22.876602
732673.791667,22.593882
732680.802083,22.689753
732687.812500,23.369718
732694.822917,23.453038
732701.833333,23.524541
732708.843750,23.289890
732715.854167,23.588664
732722.864583,23.795066
732729.875000,24.533146
732736.885417,24.782488
732743.895833,24.623256
732750.906250,24.947522
732757.916667,24.615464
732764.927083,24.453869
732771.937500,25.532497
732778.947917,25.361627
732785.958333,25.328670
732792.968750,24.717931
732799.979167,24.823230
732806.989583,25.024934
732814.000000,24.708398
732821.010417,24.900202
732828.020833,23.871106
732835.031250,24.189030
732842.041667,23.485446
732849.052083,23.293078
732856.062500,23.770595
732863.072917,23.822496
732870.083333,23.070248
732877.093750,23.427436
732884.104167,22.979322
732891.114583,23.510290
732898.125000,23.196750
732905.135417,23.424764
732912.145833,23.302515
732919.156250,23.665400
732926.166667,23.224477
732933.177083,23.720252
732940.187500,23.752498
732947.197917,24.039156
732954.208333,24.031807
732961.218750,24.015071
732968.229167,23.917369
732975.239583,23.395931
732982.250000,23.876082
732989.260417,23.618141
732996.270833,23.687370
733003.281250,23.992878
733010.291667,24.049181
733017.302083,24.532505
733024.312500,24.803125
733031.322917,24.728009
733038.333333,24.514160
733045.343750,24.230318
733052.354167,23.978740
733059.364583,23.999442
733066.375000,23.730927
733073.385417,24.061494
733080.395833,23.935029
733087.406250,23.515757
733094.416667,23.901605
733101.427083,23.674893
733108.437500,23.923772
733115.447917,23.538811
733122.458333,24.156338
733129.468750,24.078609
733136.479167,22.970209
733143.489583,22.211648
733150.500000,22.886111
733157.510417,22.524719
733164.520833,22.747977
733171.531250,22.386717
733178.541667,22.235541
733185.552083,21.997584
733192.562500,22.890638
733199.572917,22.557897
733206.583333,22.611320
733213.593750,23.100346
733220.604167,23.026164
733227.614583,23.864203
733234.625000,24.283976
733241.635417,23.603280
733248.645833,24.000319
733255.656250,23.501795
733262.666667,22.945321
733269.677083,23.092172
733276.687500,23.089261
733283.697917,23.241125
733290.708333,23.320855
733297.718750,23.814551
733304.729167,24.047657
733311.739583,24.568647
733318.750000,24.595146
733325.760417,25.389045
733332.770833,25.142551
733339.781250,25.000610
733346.791667,24.465206
733353.802083,24.289779
733360.812500,24.246148
733367.822917,23.800902
733374.833333,23.599942
733381.843750,23.544957
733388.854167,23.867857
733395.864583,23.867494
733402.875000,23.720735
733409.885417,23.723093
733416.895833,23.582355
733423.906250,23.666120
733430.916667,23.449458
733437.927083,22.684457
733444.937500,23.249232
733451.947917,22.304447
733458.958333,22.016488
733465.968750,22.756514
733472.979167,22.596983
733479.989583,22.619740
733487.000000,22.288442
733494.010417,22.617807
733501.020833,21.961694
733508.031250,22.217098
733515.041667,23.061841
733522.052083,22.456258
733529.062500,22.468978
733536.072917,22.336095
733543.083333,22.766678
733550.093750,23.432609
733557.104167,23.495500
733564.114583,23.642493
733571.125000,24.466855
733578.135417,23.983253
733585.145833,24.152753
733592.156250,24.727878
733599.166667,24.667649
733606.177083,24.258638
733613.187500,23.990490
733620.197917,24.311082
733627.208333,23.530272
733634.218750,23.447869
733641.229167,23.586516
733648.239583,23.283803
733655.250000,23.491042
733662.260417,23.620280
733669.270833,24.540099
733676.281250,23.795404
733683.291667,24.127738
733690.302083,24.063760
733697.312500,23.787254
733704.322917,23.936141
733711.333333,23.556442
733718.343750,23.298261
733725.354167,23.039254
733732.364583,23.373980
733739.375000,22.674248
733746.385417,22.952113
733753.395833,22.808298
733760.406250,22.760115
733767.416667,22.529079
733774.427083,21.829371
733781.437500,22.060534
733788.447917,21.559186
733795.458333,21.583792
733802.468750,21.133942
733809.479167,21.472305
733816.489583,21.166782
733823.500000,21.249893
733830.510417,21.477183
733837.520833,21.612438
733844.531250,21.314815
733851.541667,21.618840
733858.552083,21.889503
733865.562500,22.482699
733872.572917,22.196086
733879.583333,21.897444
733886.593750,22.125693
733893.604167,22.122766
733900.614583,21.993904
733907.625000,21.769887
733914.635417,22.090250
733921.645833,22.704426
733928.656250,22.692905
733935.666667,22.193871
733942.677083,22.335912
733949.687500,21.894179
733956.697917,22.518476
733963.708333,22.567184
733970.718750,22.105111
733977.729167,21.708132
733984.739583,21.697603
733991.750000,22.055539
733998.760417,21.422867
734005.770833,21.165335
734012.781250,20.520910
734019.791667,20.577862
734026.802083,20.354684
734033.812500,20.838238
734040.822917,20.879021
734047.833333,20.401193
734054.843750,20.590327
734061.854167,20.124220
734068.864583,20.376117
734075.875000,21.027048
734082.885417,20.192103
734089.895833,20.630185
734096.906250,20.022066
734103.916667,20.366486
734110.927083,20.542164
734117.937500,20.749379
734124.947917,20.878110
734131.958333,20.167653
734138.968750,20.144738
734145.979167,19.726209
734152.989583,19.576375
734160.000000,20.036998
734167.010417,19.807083
734174.020833,19.707001
734181.031250,20.506299
734188.041667,20.495617
734195.052083,20.876646
734202.062500,20.244224
734209.072917,20.726146
734216.083333,20.588003
734223.093750,21.113728
734230.104167,20.846683
734237.114583,21.274962
734244.125000,20.851525
734251.135417,20.861141
734258.145833,21.058737
734265.156250,21.360383
734272.166667,20.847539
734279.177083,21.013061
734286.187500,20.201056
734293.197917,20.618642
734300.208333,20.528450
734307.218750,20.233238
734314.229167,19.833704
734321.239583,20.012613
734328.250000,19.258823
734335.260417,19.221458
734342.270833,19.467732
734349.281250,20.075415
734356.291667,20.232416
734363.302083,20.147980
734370.312500,20.920416
734377.322917,20.668037
734384.333333,20.270746
734391.343750,20.692877
734398.354167,20.372151
734405.364583,20.155587
734412.375000,20.897161
734419.385417,20.063345
734426.395833,20.305605
734433.406250,19.736292
734440.416667,19.455334
734447.427083,18.816466
734454.437500,18.612721
734461.447917,19.438068
734468.458333,18.221881
734475.468750,18.180398
734482.479167,18.386244
734489.489583,17.999266
734496.500000,18.509695
734503.510417,18.616566
734510.520833,18.422347
734517.531250,18.664547
734524.541667,18.917154
734531.552083,18.627024
734538.562500,19.196094
734545.572917,18.929825
734552.583333,18.918789
734559.593750,19.477599
734566.604167,19.938615
734573.614583,19.643785
734580.625000,19.634150
734587.635417,19.976447
734594.645833,19.955726
734601.656250,20.206443
734608.666667,20.178473
734615.677083,20.369121
734622.687500,20.747494
734629.697917,20.804775
734636.708333,21.348664
734643.718750,20.698920
734650.729167,20.751461
734657.739583,20.724687
734664.750000,20.876512
734671.760417,21.187342
734678.770833,20.487077
734685.781250,20.056832
734692.791667,19.652410
734699.802083,19.768904
734706.812500,19.069404
734713.822917,18.659005
734720.833333,18.099210
734727.843750,17.623799
734734.854167,17.283899
734741.864583,16.946470
734748.875000,17.795313
734755.885417,18.599010
734762.895833,18.738337
734769.906250,18.278451
734776.916667,17.777116
734783.927083,17.556837
734790.937500,17.348196
734797.947917,17.174966
734804.958333,18.062794
734811.968750,17.742969
734818.979167,18.204801
734825.989583,17.727933
734833.000000,18.401444
734840.010417,18.575817
734847.020833,18.417730
734854.031250,18.015671
734861.041667,18.249251
734868.052083,18.560893
734875.062500,18.653166
734882.072917,18.695516
734889.083333,19.177572
734896.093750,19.102978
734903.104167,18.890057
734910.114583,19.138116
734917.125000,18.944898
734924.135417,19.035031
734931.145833,18.459335
734938.156250,18.528711
734943.734375,NaN
734949.312500,NaN
734954.890625,NaN
734960.468750,NaN
734966.046875,NaN
734971.625000,NaN
734977.203125,NaN
734982.781250,NaN
734988.359375,NaN
734993.937500,NaN
734999.515625,NaN
735005.093750,NaN
735010.671875,NaN
735016.250000,NaN
735021.828125,NaN
735027.406250,NaN
735032.984375,NaN
735038.562500,NaN
735044.140625,NaN
735049.718750,NaN
735055.296875,NaN
735060.875000,NaN
735066.453125,NaN
735072.031250,NaN
735077.609375,NaN
735083.187500,NaN
735088.765625,NaN
735094.343750,NaN
735099.921875,NaN
735105.500000,NaN
735111.078125,NaN
735116.656250,18.200909
735123.666667,18.010520
735130.677083,18.018899
735137.687500,17.693583
735144.697917,17.058632
735151.708333,17.273995
735158.718750,17.075004
735165.729167,17.224587
735172.739583,16.691872
735179.750000,16.423782
735186.760417,16.682131
735193.770833,16.420336
735200.781250,16.355817
735207.791667,16.520189
735214.802083,16.753255
735221.812500,16.325498
735228.822917,16.585385
735235.833333,16.146890
735242.843750,15.473514
735249.854167,15.104681
735256.864583,14.842953
735263.875000,14.893756
735270.885417,15.192817
735277.895833,15.146240
735284.906250,15.404939
735291.916667,16.315336
735298.927083,15.862798
735305.937500,15.774245
735312.947917,15.917977
735319.958333,15.772616
735326.968750,16.534630
735333.979167,17.145630
735340.989583,17.432896
735348.000000,16.845077
735355.010417,16.537955
735362.020833,16.598359
735369.031250,16.140913
735376.041667,16.341761
735383.052083,16.123645
735390.062500,16.362208
735397.072917,16.521289
735404.083333,16.289391
735411.093750,16.251557
735418.104167,16.253136
735425.114583,16.641444
735432.125000,16.427567
735439.135417,16.619781
735446.145833,16.100636
735453.156250,16.556545
735460.166667,16.153671
735467.177083,16.630661
735474.187500,16.703732
735481.197917,16.578713
735488.208333,16.311695
735495.218750,15.672769
735502.229167,15.625110
735509.239583,14.838745
735516.250000,14.951014
735523.260417,15.255431
735530.270833,16.050980
735537.281250,16.451812
735544.291667,15.830495
735551.302083,15.443497
735558.312500,15.055584
735565.322917,14.534584
735572.333333,15.045033
735579.343750,14.288113
735586.354167,13.965793
735593.364583,13.864185
735600.375000,13.732080
735607.385417,13.587055
735614.395833,13.381133
735621.406250,12.993343
735628.416667,13.045824
735635.427083,13.482914
735642.437500,13.542910
735649.447917,13.588895
735656.458333,13.130786
735663.468750,13.331501
735670.479167,13.107719
735677.489583,13.100922
735684.500000,13.683727
735691.510417,13.908451
735698.520833,13.261237
735705.531250,13.703968
735712.541667,13.474052
735719.552083,13.455900
735726.562500,13.275609
735733.572917,14.075583
735738.881510,NaN
735744.190104,NaN
735749.498698,NaN
735754.807292,NaN
735760.115885,NaN
735765.424479,NaN
735770.733073,NaN
735776.041667,NaN
735781.350260,NaN
735786.658854,NaN
735791.967448,NaN
735797.276042,NaN
735802.584635,NaN
735807.893229,NaN
735813.201823,NaN
735818.510417,NaN
735823.819010,NaN
735829.127604,NaN
735834.436198,NaN
735839.744792,NaN
735845.053385,NaN
735850.361979,NaN
735855.670573,NaN
735860.979167,NaN
735866.287760,NaN
735871.596354,NaN
735876.904948,NaN
735882.213542,NaN
735887.522135,NaN
735892.830729,NaN
735898.139323,NaN
735903.447917,12.916104
735910.458333,13.504895
735917.468750,13.669779
735924.479167,14.234556
735931.489583,14.103819
735938.500000,13.812240
735945.510417,13.101917
735952.520833,12.817043
735959.531250,13.356517
735966.541667,14.100220
735973.552083,14.322175
735980.562500,13.931520
735987.572917,13.664800
735994.583333,13.486687
736001.593750,13.665465
736008.604167,14.375610
736015.614583,13.103709
736022.625000,13.929425
736029.635417,14.463973
736036.645833,13.948304
736043.656250,13.847926
736050.666667,13.717431
736057.677083,13.225932
736064.687500,13.009903
736071.697917,12.539231
736078.708333,12.395181
736085.718750,12.682787
736092.729167,12.792250
736099.739583,12.388716
736106.750000,11.905017
736113.760417,12.084964
736120.770833,12.338420
736127.781250,12.402461
736134.791667,12.644379
736141.802083,12.534516
736148.812500,12.563577
736155.822917,12.894651
736162.833333,13.092442
736169.843750,12.904119
736176.854167,12.865562
736183.864583,13.178303
736190.875000,13.472148
736197.885417,13.236172
736204.895833,13.392059
736211.906250,13.730708
736218.916667,13.010531
736225.927083,11.985487
736232.937500,12.055743
736239.947917,11.830655
736246.958333,12.111971
736253.968750,11.294297
736260.979167,10.977265
736267.989583,10.854434
736275.000000,10.732149
736282.010417,10.254889
736289.020833,10.558349
736296.031250,10.778664
736303.041667,10.793742
736310.052083,11.504116
736317.062500,11.396603
736324.072917,10.785955
736331.083333,10.923733
736338.093750,10.356245
736345.104167,9.855328
736352.114583,10.478216
736359.125000,10.407634
736366.135417,10.369164
736373.145833,10.609604
736380.156250,10.710048
736387.166667,10.347141
736394.177083,10.352720
736401.187500,10.881033
736408.197917,10.508951
736415.208333,9.483680
736422.218750,9.922572
736426.281250,NaN
736430.343750,NaN
736434.406250,NaN
736438.468750,9.958558
736445.479167,10.256328
736452.489583,10.523049
736459.500000,9.962133
736466.510417,10.229946
736473.520833,10.479043
736480.531250,9.836162
736487.541667,10.009413
736494.552083,10.163655
736501.562500,9.415116
736508.572917,9.109492
736515.583333,9.401623
736522.593750,9.435692
736529.604167,9.293931
736536.614583,9.548555
736543.625000,9.905009
736550.635417,9.944515
736557.645833,10.050313
736564.656250,10.139597
736571.666667,9.616280
736578.677083,9.242994
736585.687500,9.227032
736592.697917,8.951725
736599.708333,8.481429
736606.718750,8.833329
736613.729167,8.329415
736620.739583,7.999522
736627.750000,8.672056
736634.760417,7.977616
736641.770833,8.374760
736648.781250,8.635333
736655.791667,8.867698
736662.802083,8.959474
736669.812500,8.379377
736676.822917,8.634603
736683.833333,8.187020
736690.843750,7.968940
736697.854167,8.916960
736704.864583,9.379750
736711.875000,8.573087
736718.885417,8.205336
736725.895833,8.068068
736732.906250,8.047499
736739.916667,8.732708
736746.927083,8.487934
736753.937500,7.977818
736760.947917,7.113729
736767.958333,7.684758
736774.968750,7.464509
736781.979167,7.743009
736788.989583,7.352643
736796.000000,6.790055
736803.010417,7.067460
736810.020833,7.013312
736817.031250,7.127644
736824.041667,6.536875
736831.052083,6.567404
736838.062500,7.067289
736845.072917,7.394921
736852.083333,7.271114
736859.093750,7.362797
736866.104167,6.989595
736873.114583,7.579240
736880.125000,6.713563
736887.135417,7.036496
736894.145833,6.835939
736901.156250,6.504305
736908.166667,7.006403
736915.177083,8.088913
736922.187500,8.098295
736929.197917,8.217298
736936.208333,7.776563
736943.218750,7.566188
736950.229167,7.677579
736957.239583,7.639026
736964.250000,7.361152
736971.260417,6.986190
736978.270833,6.802964
736985.281250,6.756737
736992.291667,7.553369
736999.302083,6.989546
737006.312500,6.808437
737013.322917,6.276288
737020.333333,6.241579
737027.343750,6.983337
737034.354167,7.371058
737041.364583,8.054246
737048.375000,7.496197
737055.385417,7.044901
737062.395833,6.822090
737069.406250,6.909676
737076.416667,6.557918
737083.427083,6.884943
737090.437500,7.657929
737097.447917,7.417284
737104.458333,7.141181
737111.468750,6.403244
737118.479167,7.455087
737125.489583,7.322829
737132.500000,7.224631
737139.510417,6.615603
737146.520833,6.589823
737153.531250,5.837480
737160.541667,6.302704
737167.552083,5.812280
737174.562500,6.231939
737181.572917,6.712785
737188.583333,6.340338
737195.593750,6.270402
737202.604167,5.923433
