DISP, '2008-05-01-00:00:00' 
733529.000000,-8.793271
733529.500000,-8.635365
733530.000000,-8.450620
733530.500000,-8.255950
733531.000000,-8.722490
733531.500000,-8.177558
733532.000000,-8.282059
733532.500000,-8.523316
733533.000000,-8.162607
733533.500000,-8.272315
733534.000000,-7.872964
733534.500000,-8.216506
733535.000000,-8.511829
733535.500000,-8.551406
733536.000000,-8.933914
733536.500000,-8.855600
733537.000000,-9.157066
733537.500000,-8.783983
733538.000000,-9.065035
733538.500000,-8.712357
733539.000000,-8.805612
733539.500000,-8.847300
733540.000000,-8.528470
733540.500000,-8.561536
733541.000000,-8.484685
733542.416700,-8.208167
733542.458300,-7.940976
733542.500000,-8.194219
733542.541700,-8.106420
733542.583300,-8.147187
733542.625000,-8.137401
733542.666700,-8.144774
733542.708300,-8.080539
733542.750000,-8.215751
733542.791700,-8.112959
733542.833300,-7.859920
733542.875000,-8.267773
733542.916700,-8.101823
733542.958300,-8.374009
733543.000000,-8.192716
733543.041700,-8.164721
733543.083300,-8.104019
733543.125000,-8.098727
733543.166700,-8.412470
733543.208300,-8.073308
733543.250000,-8.069960
733543.291700,-7.948082
733543.333300,-8.274574
733543.375000,-8.126257
733543.416700,-8.126747
733543.458300,-8.267439
733543.500000,-8.185282
733543.541700,-8.266148
733543.583300,-8.262020
733543.625000,-8.505003
733543.666700,-8.213110
733543.708300,-8.331981
733543.750000,-8.307516
733543.791700,-8.456913
733543.833300,-8.420006
733543.875000,-8.229171
733543.916700,-8.424318
733543.958300,-8.518104
733544.000000,-8.237886
733544.041700,-8.452667
733544.083300,-8.274906
733544.125000,-8.471238
733544.166700,-8.391656
733544.208300,-8.286471
733544.250000,-8.378218
733544.291700,-8.130853
733544.333300,-8.142454
733544.375000,-8.218536
733544.416700,-8.254097
733544.458300,-8.134349
733544.500000,-8.554381
733544.541700,-8.503496
733544.583300,-8.403710
733544.625000,-8.562629
733544.666700,-8.710960
733544.708300,-8.391956
733544.750000,-8.883174
733544.791700,-8.701315
733544.833300,-8.652060
733544.875000,-8.644203
733544.916700,-8.634519
733544.958300,-8.532414
733545.000000,-8.653843
733545.041700,-8.617566
733545.083300,-8.605883
733545.125000,-8.555532
733545.166700,-8.506341
733545.208300,-8.470217
733545.250000,-8.504914
733545.291700,-8.716462
733545.333300,-8.718907
733545.375000,-8.688868
733545.416700,-8.802102
733545.458300,-8.765222
733545.500000,-8.680645
733545.541700,-8.834735
733545.583300,-8.949505
733545.625000,-9.070724
733545.666700,-9.106663
733545.708300,-8.840090
733545.750000,-8.836663
733545.791700,-8.931346
733545.833300,-8.779594
733545.875000,-8.876269
733545.916700,-8.890211
733545.958300,-8.962090
733546.000000,-8.846783
733546.041700,-9.163850
733546.083300,-8.985187
733546.125000,-9.029713
733546.166700,-8.852502
733546.208300,-8.950216
733546.250000,-8.885133
733546.291700,-8.899467
733546.333300,-8.709498
733546.375000,-8.888404
733546.416700,-8.782131
733546.458300,-8.886750
733546.500000,-8.685496
733546.541700,-8.849090
733546.583300,-8.628631
733546.625000,-8.609015
733546.666700,-8.723881
733546.708300,-8.631659
733546.750000,-8.639037
733546.791700,-8.628094
733546.833300,-8.769782
733546.875000,-8.659546
733546.916700,-8.642619
733546.958300,-8.665818
733547.000000,-8.637980
733547.041700,-8.621353
733547.083300,-8.831194
733547.125000,-8.687991
733547.166700,-8.719087
733547.208300,-8.703100
733547.250000,-8.723282
733547.291700,-8.637993
733547.333300,-8.826497
733547.375000,-8.816143
733547.416700,-8.772200
733547.458300,-8.695204
733547.500000,-8.802802
733547.541700,-8.800715
733547.583300,-8.735987
733547.625000,-8.569740
733547.666700,-8.763434
733547.708300,-8.697122
733547.750000,-8.862169
733547.791700,-8.915923
733547.833300,-9.212794
733547.875000,-9.120030
733547.916700,-9.072955
733547.958300,-8.932666
733548.000000,-8.784899
733548.041700,-8.794675
733548.083300,-8.834991
733548.125000,-8.980570
733548.166700,-9.251060
733548.208300,-8.997510
733548.250000,-8.871023
733548.291700,-9.099814
733548.333300,-8.886148
733548.375000,-9.186231
733548.500000,-8.857283
733549.000000,-8.962185
733549.500000,-8.624946
733550.000000,-8.782307
733550.500000,-8.912616
733551.000000,-8.817130
733551.500000,-8.649561
733552.000000,-8.469641
733552.500000,-8.671676
733552.708300,-9.116586
733562.666700,-8.786239
733563.000000,-9.055250
733563.500000,-8.632930
733564.000000,-8.657244
733564.500000,-8.606629
733565.000000,-8.476409
733565.500000,-8.311376
733566.000000,-8.618752
733566.500000,-8.659663
733567.000000,-8.653963
733567.500000,-9.222239
733568.000000,-9.670815
733568.500000,-9.624789
733569.000000,-9.712053
733569.500000,-9.693112
733570.000000,-9.684648
733570.500000,-9.059038
733571.000000,-8.919745
733571.500000,-8.871327
733572.000000,-8.883655
733572.500000,-8.396342
733573.000000,-8.374628
733573.500000,-8.848630
733574.000000,-8.699435
733574.500000,-8.617036
733575.000000,-8.810121
733575.458300,-8.640407
733575.500000,-8.820345
733575.541700,-8.831824
733575.583300,-8.724549
733575.625000,-8.666474
733575.666700,-8.589105
733575.708300,-8.819897
733575.750000,-8.697894
733575.791700,-8.608767
733575.833300,-8.762133
733575.875000,-8.785364
733575.916700,-8.795358
733575.958300,-8.925291
733576.000000,-8.913370
733576.041700,-8.725918
733576.083300,-8.558266
733576.125000,-8.510374
733576.166700,-8.637278
733576.208300,-8.417687
733576.250000,-8.563545
733576.291700,-8.555499
733576.333300,-8.434438
733576.375000,-8.544484
733576.416700,-8.397889
733576.458300,-8.388494
733576.500000,-8.440797
733576.541700,-8.279781
733576.583300,-8.279551
733576.625000,-8.662728
733576.666700,-8.499859
733576.708300,-8.344217
733576.750000,-8.454085
733576.791700,-8.571668
733576.833300,-8.431516
733576.875000,-8.543579
733576.916700,-8.513453
733576.958300,-8.582672
733577.000000,-8.722762
733577.041700,-8.744660
733577.083300,-8.672396
733577.125000,-8.859521
733577.166700,-8.983066
733577.208300,-8.936176
733577.250000,-8.681012
733577.291700,-8.861642
733577.333300,-8.983267
733577.375000,-9.007159
733577.416700,-8.975235
733577.666700,-8.948025
733577.708300,-8.788254
733577.750000,-9.022472
733577.791700,-8.925107
733577.833300,-9.088278
733577.875000,-8.830186
733577.916700,-8.912831
733577.958300,-9.055201
733578.000000,-9.162310
733578.041700,-8.953877
733578.083300,-9.214451
733578.125000,-9.129586
733578.166700,-9.210304
733578.208300,-9.200652
733578.250000,-9.381178
733578.291700,-9.174673
733578.333300,-9.059972
733578.375000,-9.321768
733578.416700,-9.356580
733578.458300,-9.237596
733578.500000,-9.198281
733578.541700,-9.189971
733578.583300,-9.142122
733578.625000,-9.039204
733578.666700,-9.029767
733578.708300,-8.990361
733578.750000,-8.899289
733578.791700,-8.854188
733578.833300,-8.935188
733578.875000,-8.842333
733578.916700,-8.915304
733578.958300,-8.698192
733579.000000,-8.698122
733579.041700,-8.990607
733579.083300,-9.017879
733579.125000,-9.061879
733579.166700,-8.815303
733579.208300,-8.781879
733579.250000,-8.950533
733579.291700,-8.865047
733579.333300,-9.000811
733579.375000,-9.016693
733579.416700,-9.091340
733579.458300,-9.027174
733579.500000,-9.155785
733579.541700,-9.080796
733579.583300,-8.848098
733579.625000,-8.863627
733579.666700,-8.898319
733579.708300,-8.878479
733579.750000,-9.082488
733579.791700,-8.964681
733579.833300,-8.994709
733579.875000,-8.925982
733579.916700,-8.833616
733579.958300,-9.092623
733580.000000,-9.263392
733580.041700,-8.969085
733580.083300,-8.891842
733580.125000,-9.060184
733580.166700,-8.859955
733580.208300,-9.099617
733580.250000,-8.973232
733580.291700,-8.908369
733580.333300,-8.967489
733580.375000,-8.778996
733580.416700,-8.616513
733580.458300,-8.902495
733580.500000,-8.989282
733580.541700,-9.000776
733580.583300,-8.794133
733580.625000,-8.965289
733580.666700,-8.720611
733580.708300,-8.769879
733580.750000,-8.994802
733580.791700,-8.887286
733580.833300,-8.934422
733580.875000,-8.873688
733580.916700,-8.810791
733580.958300,-8.936060
733581.000000,-8.994147
733581.041700,-8.880316
733581.083300,-8.916261
733581.125000,-8.760570
733581.166700,-9.000436
733581.208300,-8.795191
733581.250000,-9.130087
733581.291700,-9.084966
733581.333300,-8.852011
733581.375000,-8.763344
733581.416700,-8.921265
733581.458300,-8.816169
733581.500000,-8.822458
733581.541700,-8.978501
733581.583300,-8.710983
733581.625000,-8.806146
733581.666700,-8.847297
733581.708300,-9.014942
733581.750000,-8.977709
733581.791700,-8.827242
733581.833300,-8.863066
733581.875000,-8.888829
733581.916700,-8.858082
733581.958300,-8.984635
733582.000000,-8.872304
733582.041700,-8.937962
733582.083300,-9.071647
733582.125000,-8.839308
733582.166700,-8.994619
733582.208300,-8.986280
733582.250000,-8.846674
733582.291700,-9.263463
733582.333300,-8.961740
733582.375000,-9.073043
733582.416700,-9.266647
733582.500000,-9.273414
733583.000000,-8.892965
733583.500000,-8.909265
733584.000000,-8.810704
733584.500000,-8.953928
733585.000000,-8.814294
733585.500000,-8.802121
733586.000000,-9.423218
733586.500000,-9.098953
733587.000000,-9.271671
733587.500000,-9.912380
733588.000000,-9.757071
733588.500000,-9.354388
733589.000000,-9.448956
733589.500000,-9.123777
733590.000000,-9.655977
733590.500000,-9.158202
733591.000000,-8.927943
733591.500000,-9.040394
733592.000000,-9.027400
733592.500000,-9.321039
733593.000000,-9.249073
733593.500000,-9.285714
733594.000000,-9.172128
733594.500000,-9.608347
733595.000000,-9.628805
733595.500000,-9.893860
733596.000000,-9.613284
733596.500000,-9.650689
733597.000000,-9.293193
733597.500000,-9.295233
733598.000000,-9.380585
733598.500000,-9.392216
733599.000000,-9.379383
733599.500000,-9.294255
733600.000000,-9.125672
733600.500000,-9.573039
733601.000000,-9.562017
733601.500000,-9.029126
733602.000000,-8.647098
733602.500000,-9.203094
733603.000000,-9.145093
733603.500000,-9.832221
733604.000000,-9.305712
733604.500000,-9.022419
733605.000000,-9.144087
733605.500000,-9.339737
733606.000000,-8.873209
733606.500000,-8.641982
733607.000000,-9.140852
733607.500000,-8.844484
733608.000000,-8.855918
733608.500000,-9.480816
733609.000000,-9.367377
733609.500000,-9.414520
733610.000000,-9.657671
733610.500000,-9.798675
733611.000000,-9.266271
733611.500000,-9.389955
733612.000000,-9.579711
733612.500000,-9.379512
733613.000000,-9.617160
733613.500000,-9.394788
733614.000000,-9.333482
733614.500000,-9.639868
733615.000000,-9.198442
733615.500000,-9.037877
733616.000000,-9.512616
733616.500000,-9.815624
733617.000000,-9.883099
733617.500000,-9.545528
733618.000000,-9.453697
733618.500000,-9.474286
733619.000000,-9.552365
733619.500000,-9.666379
733620.000000,-9.917149
733620.500000,-9.757207
733621.000000,-9.717955
733621.500000,-9.601366
733622.000000,-9.945771
733622.500000,-10.049566
733623.000000,-9.509395
733623.500000,-9.925473
733624.000000,-9.381131
733624.500000,-9.714944
733625.000000,-10.081548
733625.500000,-9.728872
733626.000000,-10.273442
733626.500000,-10.394835
733627.000000,-10.099168
733627.500000,-10.168193
733628.000000,-10.285400
733628.500000,-9.634993
733629.000000,-9.820790
733629.500000,-9.673553
733630.000000,-9.566650
733630.500000,-9.781017
733631.000000,-9.932199
733631.500000,-9.763316
733632.000000,-10.027843
733632.500000,-9.949922
733633.000000,-9.679363
733633.500000,-9.712033
733634.000000,-9.714073
733634.500000,-9.668817
733635.000000,-9.889592
733635.500000,-9.409835
733636.000000,-9.796808
733636.500000,-10.257290
733637.000000,-10.360280
733637.500000,-10.474241
733638.000000,-9.839839
733638.500000,-10.030946
733639.000000,-10.390369
733639.500000,-10.009272
733640.625000,-9.696505
733641.000000,-9.875604
733641.416700,-9.773840
733641.500000,-9.919706
733642.000000,-10.277765
733642.500000,-10.393571
733643.000000,-10.015720
733643.500000,-10.370471
733644.000000,-10.531520
733644.500000,-10.704973
733645.000000,-10.736323
733645.500000,-10.826363
733646.000000,-10.559161
733646.500000,-10.159587
733647.000000,-10.282621
733647.500000,-10.100129
733648.000000,-10.073906
733648.500000,-10.456736
733649.000000,-10.498053
733649.500000,-10.719519
733650.000000,-10.576395
733650.500000,-11.021595
733651.000000,-10.508062
733651.500000,-10.627037
733652.000000,-10.353768
733652.500000,-10.476208
733653.000000,-10.334764
733653.458300,-9.913873
733654.000000,-10.288915
733654.500000,-10.996999
733655.000000,-11.170381
733655.500000,-11.139780
733656.000000,-11.286789
733656.500000,-10.806218
733657.000000,-10.925030
733657.500000,-10.686199
733658.000000,-10.609235
733658.500000,-10.679013
733659.000000,-10.184844
733659.500000,-10.659717
733660.000000,-10.671550
733660.500000,-10.782322
733661.000000,-10.878307
733661.500000,-10.777410
733662.000000,-10.561324
733662.500000,-11.144138
733663.000000,-10.856201
733663.500000,-10.879094
733664.000000,-10.837139
733664.500000,-10.698855
733665.000000,-10.698014
733665.500000,-10.337837
733666.000000,-10.233789
733666.500000,-10.417701
733667.000000,-10.186606
733667.500000,-9.944064
733668.000000,-10.240767
733668.500000,-10.313506
733669.000000,-9.893900
733669.500000,-9.621433
733670.000000,-10.096520
733670.500000,-10.341671
733671.000000,-10.877750
733671.500000,-10.541703
733672.000000,-10.466839
733672.500000,-10.645991
733673.000000,-10.851269
733673.500000,-10.752870
733674.000000,-10.398200
733674.500000,-10.512813
733675.000000,-10.547566
733675.500000,-10.719021
733676.000000,-10.549398
733676.500000,-10.266155
733677.000000,-11.001471
733677.500000,-10.976163
733678.000000,-11.224387
733678.500000,-10.854456
733679.000000,-10.622018
733679.500000,-10.194082
733680.000000,-10.248688
733680.500000,-10.172282
733681.000000,-10.812778
733681.500000,-10.803687
733682.000000,-11.236120
733682.500000,-10.724950
733683.000000,-10.335484
733683.500000,-10.579440
733684.000000,-10.185808
733684.500000,-10.795764
733685.000000,-11.181813
733685.500000,-11.237501
733686.000000,-11.141503
733686.500000,-10.998298
733687.000000,-10.820624
733687.500000,-10.965469
733688.000000,-10.951940
733688.500000,-10.954582
733689.000000,-10.837959
733689.500000,-10.885289
733690.000000,-10.754196
733690.500000,-11.104213
733691.000000,-11.088031
733691.500000,-11.077898
733692.000000,-11.088505
733692.500000,-11.361982
733693.000000,-11.182871
733693.500000,-11.185786
733694.000000,-10.880147
733694.500000,-11.224984
733695.000000,-11.057237
733695.500000,-11.054995
733696.000000,-11.204267
733696.500000,-11.087662
733697.000000,-10.762117
733697.500000,-10.510348
733698.000000,-10.424276
733698.500000,-10.528528
733699.000000,-10.802999
733699.500000,-10.983987
733700.000000,-10.966795
733700.500000,-11.129510
733701.000000,-10.571045
733701.500000,-10.611905
733702.000000,-11.176176
733702.500000,-10.686061
733703.000000,-10.534608
733703.500000,-11.199280
733704.000000,-10.608967
733704.500000,-10.826103
733705.000000,-11.233849
733705.500000,-10.639450
733706.000000,-10.644833
733706.500000,-10.920827
733707.000000,-10.580270
733707.500000,-11.054260
733708.000000,-11.167433
733708.500000,-10.890519
733709.000000,-10.805220
733709.500000,-10.497275
733710.000000,-10.985418
733710.500000,-10.802471
733711.000000,-10.254421
733711.500000,-10.153978
733712.000000,-10.496914
733712.500000,-10.430102
733713.000000,-10.652716
733713.500000,-10.499061
733714.000000,-10.594419
733714.500000,-10.230667
733715.000000,-10.359906
733715.500000,-10.488905
733716.000000,-10.632948
733716.500000,-10.755175
733717.000000,-10.629504
733717.500000,-10.905913
733718.000000,-11.062837
733718.500000,-11.014505
733719.000000,-10.799340
733719.500000,-10.617223
733720.000000,-10.861478
733720.500000,-10.856062
733721.000000,-10.824080
733721.333300,-10.776701
733721.500000,-10.930316
733722.000000,-10.754926
733722.500000,-10.711093
733723.000000,-10.321674
733723.500000,-10.554620
733724.000000,-10.423630
733724.500000,-10.406937
733725.000000,-10.610423
733725.500000,-10.862446
733726.000000,-10.515786
733726.500000,-10.787073
733727.000000,-10.533841
733727.500000,-10.572393
733728.000000,-10.421046
733728.500000,-10.415734
733728.833300,-10.955469
733729.000000,-11.258134
733729.500000,-10.832619
733730.000000,-10.809222
733730.500000,-10.923259
733731.000000,-11.087299
733731.500000,-10.700956
733732.000000,-10.736845
733732.500000,-10.516682
733733.000000,-10.150823
733733.500000,-10.197418
733734.000000,-9.875581
733734.500000,-10.412187
733735.000000,-10.469457
733735.500000,-10.498618
733736.000000,-11.135077
733736.500000,-10.430415
733737.000000,-10.353974
733737.291700,-10.114589
733737.333300,-10.247866
733737.375000,-10.109711
733738.000000,-10.221530
733738.500000,-10.013662
733739.000000,-10.443829
733739.500000,-10.427330
733740.000000,-10.351503
733740.500000,-10.579090
733741.000000,-10.581277
733741.500000,-10.414899
733742.000000,-10.515740
733742.500000,-10.830206
733743.000000,-10.611036
733743.500000,-10.191674
733744.000000,-10.398322
733744.500000,-10.486585
733745.000000,-10.865212
733745.500000,-10.938234
733746.000000,-10.780389
733746.500000,-11.319376
733747.000000,-10.834683
733747.500000,-10.833783
733748.000000,-10.656062
733748.500000,-10.498795
733749.000000,-10.351742
733749.500000,-10.424188
733750.000000,-10.292013
733750.500000,-10.414228
733751.041700,-10.090841
733751.500000,-10.677728
733752.041700,-10.470392
733752.500000,-10.423947
733753.041700,-10.378661
733753.500000,-10.387550
733754.041700,-10.243107
733754.500000,-10.535419
733755.041700,-10.388095
733755.500000,-10.703033
733756.041700,-10.986854
733756.500000,-10.716861
733757.041700,-10.222087
733757.500000,-10.820606
733758.041700,-10.467849
733758.291700,-10.548001
733758.333300,-10.635004
733758.375000,-10.548555
733758.416700,-10.894098
733758.458300,-10.703694
733758.583300,-10.436629
733758.625000,-10.421210
733759.000000,-10.198779
733759.500000,-10.390845
733760.000000,-10.157508
733760.500000,-10.340553
733761.000000,-10.525457
733761.500000,-10.236639
733762.000000,-10.097342
733762.500000,-10.646868
733763.000000,-10.125535
733763.500000,-10.119787
733764.000000,-10.053225
733764.500000,-10.027117
733765.000000,-9.905742
733765.500000,-9.930065
733766.000000,-9.978569
733766.500000,-9.866433
733767.000000,-10.074288
733767.500000,-10.102689
733768.000000,-10.393055
733768.500000,-10.609487
733769.000000,-10.053215
733769.500000,-10.282686
733770.000000,-10.093290
733770.500000,-10.097057
733771.000000,-10.071824
733771.500000,-9.633626
733772.000000,-10.027614
733772.500000,-9.972014
733773.000000,-10.008512
733773.500000,-9.994050
733774.000000,-10.256226
733774.500000,-10.112786
733775.000000,-9.866440
733775.500000,-9.725048
733776.000000,-10.083366
733776.500000,-10.065008
733777.000000,-9.584571
733777.500000,-9.748582
733778.000000,-10.316960
733778.291700,-9.859369
733778.333300,-9.802590
733778.375000,-10.059704
733778.416700,-9.729614
733778.458300,-9.765136
733778.500000,-9.631496
733778.541700,-9.855319
733778.583300,-9.993562
733778.625000,-9.916152
733778.666700,-9.731487
733778.708300,-9.786856
733778.750000,-9.915687
733778.791700,-9.850804
733778.833300,-9.983738
733778.875000,-9.938845
733778.916700,-9.840528
733778.958300,-9.836226
733779.000000,-10.187095
733779.041700,-9.883467
733779.083300,-9.938924
733779.125000,-10.109611
733779.166700,-10.005513
733779.208300,-9.962458
733779.250000,-10.144160
733779.291700,-10.041573
733779.333300,-10.042746
733779.375000,-10.234477
733779.416700,-10.213156
733779.458300,-10.337141
733779.500000,-10.350421
733779.541700,-10.281677
733779.583300,-10.253647
733779.625000,-10.453311
733779.666700,-10.331332
733779.708300,-10.277649
733779.750000,-10.179129
733779.791700,-10.111143
733779.833300,-10.097626
733779.875000,-10.045139
733779.916700,-10.307257
733779.958300,-10.105703
733780.000000,-10.081177
733780.041700,-10.230651
733780.083300,-10.320509
733780.125000,-10.266900
733780.166700,-10.357726
733780.208300,-10.237854
733780.250000,-10.386318
733780.500000,-10.380921
733781.000000,-10.437247
733781.500000,-10.355983
733782.000000,-10.379525
733782.500000,-10.298932
733783.000000,-10.105426
733783.500000,-10.268547
733784.000000,-10.013416
733784.500000,-10.095640
733785.000000,-9.752804
733785.500000,-9.495628
733786.000000,-9.407163
733786.500000,-9.560199
733787.000000,-9.698833
733787.500000,-9.506117
733788.000000,-9.721680
733788.500000,-9.984215
733789.000000,-9.898252
733789.500000,-9.989305
733790.000000,-9.813948
733790.500000,-9.790624
733791.000000,-9.714100
733791.500000,-9.851644
733792.000000,-10.038502
733792.250000,-9.621398
733792.291700,-9.467843
733792.333300,-9.781391
733792.375000,-9.511753
733792.458300,-9.724027
733792.500000,-9.670764
733793.000000,-9.690530
733793.500000,-9.392415
733794.000000,-9.652014
733794.500000,-9.956482
733795.000000,-9.931131
733795.500000,-9.768523
733796.000000,-9.787828
733796.500000,-10.280373
733797.000000,-9.981076
733797.500000,-10.029244
733798.000000,-10.014509
733798.500000,-9.877349
733799.000000,-9.481655
733799.500000,-9.791532
733800.000000,-9.664389
733800.500000,-9.839734
733801.000000,-9.963479
733801.500000,-9.624523
733802.000000,-9.664815
733802.500000,-9.269582
733803.000000,-9.328555
733803.500000,-9.581264
733804.000000,-9.521443
733804.500000,-9.650001
733805.000000,-9.853449
733805.500000,-9.659225
733806.000000,-9.481177
733806.500000,-9.744459
733807.000000,-9.283373
733807.500000,-9.693270
733808.000000,-9.667634
733808.500000,-10.451036
733809.000000,-10.233585
733809.500000,-10.435786
733810.000000,-10.257560
733810.250000,-10.070445
733810.291700,-9.959413
733810.500000,-10.294260
733811.000000,-9.576809
733811.500000,-9.988618
733812.000000,-9.897658
733812.500000,-9.528704
733813.000000,-9.567901
733813.500000,-9.288771
733814.000000,-9.474797
733814.500000,-9.610894
733815.000000,-9.452849
733815.500000,-9.472182
733816.000000,-9.032314
733816.500000,-9.072766
733817.000000,-9.310684
733817.500000,-9.528475
733818.000000,-9.307966
733818.500000,-9.094242
733819.000000,-9.272269
733819.500000,-9.097505
733820.000000,-9.024874
733820.500000,-8.634214
733821.000000,-8.715509
733821.500000,-8.892204
733822.000000,-9.163502
733822.500000,-8.901129
733823.000000,-8.893284
733823.500000,-8.785295
733824.000000,-9.365871
733824.500000,-8.986861
733825.000000,-9.417460
733825.500000,-9.195560
733826.000000,-9.531722
733826.500000,-9.175528
733827.000000,-8.841219
733827.500000,-8.832251
733828.000000,-9.317082
733828.500000,-9.229985
733829.000000,-8.933706
733829.500000,-8.848620
733830.000000,-9.297020
733830.500000,-9.138479
733831.000000,-9.397405
733831.500000,-9.079862
733832.000000,-9.439041
733832.500000,-9.602449
733833.000000,-9.571407
733833.500000,-9.469432
733834.000000,-9.243763
733834.500000,-9.131017
733835.000000,-9.291562
733835.500000,-8.843479
733836.000000,-8.724066
733836.500000,-9.049816
733837.000000,-8.941326
733837.500000,-9.134571
733838.000000,-9.067186
733838.500000,-8.720197
733839.000000,-9.151078
733839.500000,-9.437641
733840.000000,-9.615116
733840.500000,-9.416714
733841.000000,-9.739368
733841.500000,-9.281285
733842.000000,-9.302117
733842.500000,-9.317519
733843.000000,-9.477738
733843.500000,-9.098928
733844.000000,-8.682554
733844.500000,-8.514117
733845.000000,-8.539603
733845.500000,-9.206674
733846.000000,-8.813592
733846.500000,-9.366541
733847.000000,-9.446469
733847.500000,-9.145816
733848.000000,-9.549591
733848.500000,-9.438139
733849.000000,-9.613251
733849.500000,-9.879081
733850.000000,-9.755796
733850.500000,-9.926495
733851.000000,-9.740277
733851.500000,-9.504081
733852.000000,-9.289256
733852.250000,-9.209983
733852.291700,-9.403308
733852.333300,-9.320978
733852.375000,-9.203134
733852.416700,-9.143309
733852.458300,-9.362924
733852.500000,-9.273684
733852.541700,-9.279041
733852.583300,-9.145064
733852.625000,-8.933419
733853.000000,-9.223631
733853.500000,-8.854528
733854.000000,-8.808132
733854.500000,-8.682167
733855.000000,-8.737991
733855.500000,-8.907167
733856.000000,-8.911159
733856.500000,-8.844247
733857.000000,-8.705127
733857.500000,-8.622870
733858.000000,-8.631893
733858.500000,-8.806089
733859.000000,-8.605941
733859.500000,-8.587697
733860.000000,-8.675410
733860.500000,-8.423856
733861.000000,-8.794211
733861.500000,-9.008438
733862.000000,-9.403567
733862.500000,-8.926298
733863.000000,-8.967273
733863.500000,-9.290044
733864.000000,-9.246984
733864.500000,-8.702546
733865.000000,-9.009210
733865.500000,-8.444414
733866.000000,-8.701428
733866.500000,-8.519479
733867.000000,-9.226741
733867.500000,-8.977266
733868.000000,-9.051307
733868.500000,-8.916054
733869.000000,-9.048542
733869.500000,-9.115592
733870.000000,-8.798289
733870.500000,-8.468625
733871.000000,-8.627664
733871.500000,-8.695792
733872.000000,-8.869189
733872.500000,-8.820598
733873.000000,-8.435107
733873.500000,-8.727570
733874.000000,-8.912284
733874.500000,-8.785061
733875.000000,-8.518437
733875.500000,-8.991442
733876.000000,-8.907004
733876.500000,-9.336074
733877.000000,-9.073857
733877.500000,-9.015644
733878.000000,-8.642230
733878.500000,-8.617079
733879.000000,-8.553122
733879.500000,-8.756705
733880.000000,-8.510594
733880.500000,-8.801659
733881.000000,-9.034736
733881.500000,-8.935786
733882.000000,-8.764893
733882.500000,-8.548048
733883.000000,-8.857865
733883.500000,-8.882199
733884.000000,-8.832516
733884.500000,-8.685403
733885.000000,-9.212625
733885.500000,-8.959059
733886.000000,-8.979793
733886.500000,-8.827891
733887.000000,-8.863636
733887.500000,-8.643753
733888.000000,-8.841880
733888.500000,-8.660007
733889.000000,-8.904347
733889.500000,-8.457590
733890.000000,-8.398062
733890.500000,-8.515583
733891.000000,-8.333165
733891.500000,-8.547039
733892.000000,-8.681898
733892.500000,-8.988261
733893.000000,-8.932318
733893.500000,-8.729106
733894.000000,-8.729863
733894.500000,-9.106512
733895.000000,-8.816488
733895.500000,-9.073439
733896.000000,-8.919156
733896.500000,-8.605548
733897.000000,-9.229308
733897.500000,-9.258073
733898.000000,-9.211798
733898.500000,-9.575126
733899.000000,-8.942749
733899.500000,-8.786194
733900.000000,-8.813100
733900.500000,-8.913254
733901.000000,-9.065445
733901.500000,-9.089156
733902.000000,-9.035297
733902.500000,-9.060377
733903.000000,-8.847338
733903.500000,-8.610333
733904.000000,-8.768028
733904.500000,-8.700849
733905.000000,-8.968888
733905.500000,-8.840498
733906.000000,-8.797834
733906.500000,-8.655931
733907.000000,-9.018763
733907.500000,-8.802011
733908.000000,-8.657980
733908.500000,-8.794305
733909.000000,-8.582226
733909.500000,-9.021688
733910.000000,-9.119857
733910.500000,-8.800913
733911.000000,-8.937508
733911.500000,-8.842383
733912.000000,-8.738108
733912.500000,-8.891606
733913.000000,-8.670129
733913.500000,-8.534634
733914.000000,-8.806530
733914.500000,-8.899401
733915.000000,-9.005514
733915.500000,-8.567820
733916.000000,-8.793541
733916.500000,-8.764712
733917.000000,-8.653777
733917.500000,-8.906224
733918.000000,-8.793496
733918.500000,-9.246578
733919.000000,-8.850234
733919.500000,-8.656119
733920.000000,-9.177825
733920.500000,-8.865228
733921.000000,-8.777854
733921.500000,-8.484691
733922.000000,-7.986388
733922.500000,-8.101540
733923.000000,-8.168120
733923.500000,-8.507325
733924.000000,-8.502243
733924.500000,-8.999271
733925.000000,-8.833015
733925.500000,-8.507575
733926.000000,-8.795375
733926.500000,-8.912150
733927.000000,-8.775362
733927.500000,-8.779725
733928.000000,-8.726811
733928.500000,-8.964130
733929.000000,-8.713520
733929.500000,-8.806971
733930.000000,-8.889037
733930.500000,-8.772240
733931.000000,-8.728268
733931.500000,-8.706220
733932.000000,-8.580068
733932.500000,-8.513382
733933.000000,-8.803536
733933.500000,-8.722512
733934.000000,-8.484054
733934.500000,-8.833215
733935.000000,-8.929656
733935.500000,-8.974451
733936.000000,-8.931875
733936.500000,-9.339600
733937.000000,-8.760259
733937.500000,-8.841114
733938.000000,-8.878658
733938.500000,-9.035340
733939.000000,-9.202528
733939.500000,-8.773405
733940.000000,-9.189138
733940.500000,-9.010661
733941.000000,-9.328298
733941.500000,-9.074066
733942.000000,-8.843659
733942.500000,-9.404915
733943.000000,-9.123588
733943.500000,-9.295289
733944.000000,-9.201802
733944.500000,-9.339531
733945.000000,-8.986418
733945.500000,-9.057415
733946.000000,-8.960859
733946.500000,-8.764694
733947.000000,-8.815832
733947.500000,-9.035472
733948.000000,-9.263363
733948.500000,-9.414294
733949.000000,-9.414620
733949.500000,-9.608577
733950.000000,-9.797642
733950.500000,-9.894834
733951.000000,-9.619474
733951.500000,-9.468079
733952.000000,-9.246440
733952.500000,-8.566104
733953.000000,-8.853909
733953.500000,-9.052138
733954.000000,-9.001037
733954.500000,-8.739955
733955.000000,-8.954856
733955.500000,-9.279492
733956.000000,-9.135965
733956.500000,-9.076564
733957.000000,-9.007310
733957.500000,-9.016963
733958.000000,-8.732906
733958.500000,-8.597537
733959.000000,-8.756088
733959.500000,-8.916921
733960.000000,-8.648744
733960.500000,-8.579340
733961.000000,-8.937437
733961.500000,-9.335685
733962.000000,-9.110781
733962.500000,-9.144060
733963.000000,-9.389511
733963.500000,-9.212288
733964.000000,-8.972670
733964.500000,-9.195371
733965.000000,-9.204173
733965.500000,-9.235955
733966.000000,-9.497674
733966.500000,-9.542830
733967.000000,-9.516300
733967.500000,-9.313216
733968.000000,-8.678264
733968.500000,-9.282996
733969.000000,-9.146725
733969.500000,-9.026733
733970.000000,-9.026757
733970.500000,-9.115940
733971.000000,-8.905884
733971.500000,-8.957885
733972.000000,-9.424660
733972.500000,-8.896954
733972.625000,-8.936999
733972.666700,-9.128789
733972.708300,-9.060405
733972.750000,-8.886630
733972.791700,-8.866867
733972.833300,-9.023769
733972.875000,-8.757315
733972.916700,-8.757434
733972.958300,-9.033277
733973.000000,-8.798480
733973.041700,-8.942109
733973.083300,-8.982499
733973.125000,-9.031872
733973.166700,-9.083704
733973.208300,-8.989018
733973.250000,-8.996019
733973.291700,-8.944039
733973.333300,-8.933348
733973.375000,-9.077200
733973.500000,-9.308687
733974.000000,-9.022241
733974.500000,-9.219601
733975.000000,-9.200658
733975.500000,-9.328060
733976.000000,-9.319057
733976.500000,-9.472789
733977.000000,-9.129833
733977.500000,-9.277176
733978.000000,-9.395704
733978.500000,-9.786556
733979.000000,-9.627443
733979.500000,-9.996279
733980.000000,-9.881354
733980.500000,-9.621984
733981.000000,-9.684166
733981.500000,-9.547327
733981.625000,-9.344667
733981.666700,-9.489611
733981.708300,-9.359366
733981.750000,-9.336526
733981.791700,-9.017670
733981.833300,-9.259368
733981.875000,-9.141495
733981.916700,-9.304211
733981.958300,-9.448207
733982.000000,-9.429978
733982.041700,-9.385072
733982.083300,-9.254062
733982.125000,-9.619213
733982.166700,-9.463768
733982.208300,-9.558295
733982.500000,-9.574232
733983.000000,-9.432462
733983.500000,-9.385639
733984.000000,-9.495503
733984.500000,-9.532331
733985.000000,-9.527496
733985.500000,-10.175540
733986.000000,-9.975196
733986.500000,-9.951773
733987.000000,-9.783277
733987.500000,-9.851733
733988.000000,-9.751825
733988.500000,-9.985963
733989.000000,-9.654659
733989.500000,-9.520250
733990.000000,-9.302414
733990.500000,-9.429951
733991.500000,-9.381000
733992.000000,-9.619364
733992.500000,-9.757113
733993.000000,-9.631405
733993.500000,-9.530687
733994.000000,-9.705357
733994.500000,-9.753726
733995.000000,-10.092960
733995.500000,-10.019144
733996.000000,-10.071902
733996.500000,-10.880387
733997.000000,-10.532347
733997.500000,-10.189061
733998.000000,-9.791999
733998.500000,-10.027480
733999.000000,-10.008973
733999.500000,-10.125666
734000.000000,-10.293527
734000.500000,-10.283668
734001.000000,-10.072383
734001.500000,-10.319355
734002.000000,-10.061328
734002.500000,-10.042895
734003.000000,-10.260536
734003.500000,-10.436839
734004.000000,-10.289755
734004.500000,-10.057821
734005.000000,-9.856370
734005.500000,-9.902879
734006.000000,-10.488722
734006.500000,-10.404481
734007.000000,-10.463799
734007.500000,-10.347628
734008.000000,-10.567523
734008.500000,-10.399613
734009.000000,-10.118224
734009.500000,-10.130920
734010.000000,-10.767270
734010.500000,-11.170069
734011.000000,-10.749361
734011.500000,-10.938454
734012.000000,-10.948385
734012.500000,-10.788755
734013.000000,-10.373879
734013.500000,-10.108575
734014.000000,-10.543292
734014.500000,-10.297041
734015.000000,-10.343118
734015.500000,-10.397127
734016.000000,-10.209872
734016.500000,-10.311133
734017.000000,-10.143234
734017.500000,-10.114301
734018.000000,-10.145100
734018.500000,-9.894664
734019.000000,-10.078920
734019.500000,-10.401418
734020.000000,-10.579524
734020.500000,-10.965486
734021.000000,-10.554275
734021.500000,-10.708088
734022.000000,-10.659638
734022.500000,-11.092259
734023.000000,-11.062525
734023.500000,-10.579860
734024.000000,-10.492066
734024.500000,-10.255514
734025.000000,-9.805112
734025.500000,-10.052407
734026.000000,-10.011494
734026.500000,-10.651775
734027.000000,-10.001015
734027.500000,-10.120664
734028.000000,-10.376899
734028.500000,-10.741587
734029.000000,-10.381374
734029.500000,-10.459756
734030.000000,-10.616038
734030.500000,-10.034044
734031.000000,-10.262288
734031.500000,-10.136711
734032.000000,-10.413895
734032.500000,-10.898866
734033.000000,-10.709654
734033.500000,-10.810843
734034.000000,-10.358175
734034.500000,-10.756166
734035.000000,-10.852298
734035.500000,-11.031194
734036.000000,-10.792685
734036.500000,-10.655223
734037.000000,-10.356338
734037.500000,-10.326303
734038.000000,-10.560640
734038.500000,-10.563378
734039.000000,-10.539525
734039.500000,-10.185052
734040.000000,-10.689164
734040.500000,-10.200108
734041.000000,-10.062210
734041.500000,-9.733701
734042.000000,-10.015077
734042.500000,-9.795210
734043.000000,-10.165435
734043.500000,-10.372815
734044.000000,-10.695878
734044.500000,-10.518705
734045.000000,-10.591522
734045.500000,-10.712764
734046.000000,-10.673418
734046.500000,-10.684766
734047.000000,-10.937396
734047.500000,-10.737074
734048.000000,-10.720993
734048.500000,-10.659896
734049.000000,-10.900458
734049.500000,-10.726668
734050.000000,-10.647438
734050.500000,-10.520584
734051.000000,-10.557659
734051.500000,-10.725038
734052.000000,-10.758255
734052.500000,-10.490987
734053.000000,-10.270176
734053.500000,-10.636477
734054.000000,-10.417574
734054.500000,-10.329286
734055.000000,-10.724747
734055.500000,-10.456927
734056.000000,-10.556371
734056.500000,-10.852725
734057.000000,-10.598804
734057.500000,-10.567868
734058.000000,-10.597819
734058.500000,-10.901377
734059.000000,-10.625130
734059.500000,-10.646457
734060.000000,-10.430965
734060.500000,-10.361420
734061.000000,-10.675582
734061.500000,-10.563336
734062.000000,-10.576131
734062.500000,-10.198486
734063.000000,-10.725235
734063.500000,-10.587791
734064.000000,-10.082796
734064.500000,-10.520044
734065.000000,-10.468433
734065.500000,-10.370958
734066.000000,-10.319052
734066.500000,-10.555425
734067.000000,-10.354300
734067.500000,-10.356963
734068.000000,-10.511741
734068.500000,-10.519300
734069.000000,-10.310475
734069.500000,-10.441136
734070.000000,-10.541193
734070.500000,-10.446714
734071.000000,-10.100724
734071.500000,-10.174785
734072.000000,-9.662110
734072.500000,-9.552262
734073.000000,-10.258224
734073.500000,-10.569438
734074.000000,-10.207145
734074.500000,-10.205720
734075.000000,-10.390312
734075.500000,-10.489687
734076.000000,-10.452133
734076.500000,-10.625242
734077.000000,-10.583774
734077.500000,-10.387426
734078.000000,-10.509591
734078.500000,-10.335342
734079.000000,-10.939802
734079.500000,-10.598238
734080.000000,-10.492787
734080.500000,-10.729537
734081.000000,-10.650417
734081.500000,-10.476970
734082.000000,-10.105505
734082.500000,-10.203054
734083.000000,-10.399448
734083.500000,-10.664842
734084.000000,-10.544441
734084.500000,-10.629215
734085.000000,-10.158294
734085.500000,-10.804678
734086.000000,-11.096322
734086.500000,-11.138985
734087.000000,-10.897067
734087.500000,-10.609501
734088.000000,-10.891311
734088.500000,-10.797191
734089.000000,-10.717442
734089.500000,-10.460348
734090.000000,-10.483843
734090.500000,-10.678267
734091.000000,-10.880975
734091.500000,-10.669103
734092.000000,-11.142837
734092.500000,-11.304540
734093.000000,-11.424483
734093.500000,-11.403296
734094.000000,-11.617950
734094.500000,-10.989709
734095.000000,-11.099943
734095.500000,-11.306020
734096.000000,-10.918936
734096.500000,-10.641333
734097.000000,-10.589745
734097.500000,-10.261716
734098.000000,-10.148765
734098.500000,-10.504881
734099.000000,-10.316744
734099.500000,-10.231503
734100.000000,-10.447685
734100.500000,-10.466568
734101.000000,-10.547689
734101.500000,-11.015977
734102.000000,-11.111756
734102.500000,-10.945986
734103.000000,-11.116342
734103.500000,-10.751902
734104.000000,-10.956074
734104.500000,-10.746138
734105.000000,-10.919615
734105.500000,-10.733354
734106.000000,-10.872730
734106.500000,-10.271034
734107.000000,-10.592163
734107.500000,-10.802856
734108.000000,-10.499953
734108.500000,-10.607666
734109.000000,-10.206454
734109.500000,-10.338808
734110.000000,-10.580418
734110.500000,-10.537074
734111.000000,-10.432232
734111.500000,-10.638664
734112.000000,-10.291085
734112.500000,-11.007863
734113.000000,-10.863647
734113.500000,-10.820469
734114.000000,-10.548527
734114.500000,-10.570383
734115.000000,-10.550791
734115.500000,-10.807538
734116.000000,-10.547169
734116.500000,-10.646370
734117.000000,-11.036257
734117.500000,-10.852971
734117.666700,-10.716475
734117.708300,-10.818448
734117.750000,-10.798801
734117.791700,-11.003526
734117.833300,-11.087694
734117.875000,-10.700147
734117.916700,-10.961050
734117.958300,-10.639144
734118.000000,-10.643888
734118.041700,-10.682969
734118.083300,-10.638076
734118.125000,-10.496391
734118.166700,-10.666606
734118.208300,-10.824175
734118.250000,-10.678560
734118.291700,-10.774234
734118.333300,-10.773972
734118.375000,-10.663707
734118.416700,-10.558648
734118.500000,-10.520850
734119.000000,-10.502218
734119.500000,-10.341869
734120.000000,-10.324689
734120.500000,-10.448851
734121.000000,-10.220132
734121.500000,-10.255690
734122.000000,-10.550562
734122.500000,-10.102402
734123.000000,-10.257229
734123.500000,-10.061576
734124.000000,-10.174982
734124.500000,-10.332902
734125.000000,-10.509519
734125.500000,-10.466813
734126.000000,-10.859870
734126.500000,-10.852868
734127.000000,-10.783543
734127.500000,-10.731716
734128.000000,-10.511931
734128.500000,-10.269366
734129.000000,-10.428677
734129.500000,-10.285028
734130.000000,-9.874848
734130.500000,-9.935834
734131.000000,-9.984220
734131.500000,-9.991734
734132.000000,-9.792609
734132.500000,-10.144697
734133.000000,-10.060879
734133.500000,-10.591442
734134.000000,-10.621544
734134.500000,-10.259502
734135.000000,-10.440755
734135.500000,-10.482468
734136.000000,-10.518293
734136.500000,-10.409595
734137.000000,-10.923500
734137.500000,-10.507008
734138.000000,-10.421338
734138.500000,-10.353422
734139.000000,-10.458416
734139.500000,-9.506035
734140.000000,-9.347078
734140.500000,-9.467560
734141.000000,-9.231038
734141.500000,-9.690824
734142.000000,-10.057421
734142.500000,-10.263300
734143.000000,-10.452298
734143.500000,-10.270795
734144.000000,-9.981211
734144.500000,-10.405014
734145.000000,-10.330708
734145.500000,-9.695184
734146.000000,-9.739461
734146.500000,-10.216738
734147.000000,-10.644372
734147.500000,-10.390895
734148.000000,-10.368752
734148.500000,-10.425955
734149.000000,-10.188154
734149.500000,-9.536019
734150.000000,-9.467850
734150.500000,-9.510242
734151.000000,-9.439185
734151.500000,-9.691864
734152.000000,-9.693436
734152.500000,-9.827223
734153.000000,-10.080687
734153.500000,-10.238016
734153.666700,-10.155115
734153.708300,-10.187417
734153.750000,-9.850284
734153.791700,-9.866528
734153.833300,-10.020292
734153.875000,-10.134525
734153.916700,-10.101889
734153.958300,-10.045622
734154.000000,-10.172285
734154.041700,-10.254785
734154.083300,-10.061289
734154.125000,-9.996913
734154.166700,-9.877790
734154.208300,-9.921888
734154.250000,-9.865860
734154.291700,-9.801403
734154.333300,-10.130670
734154.375000,-10.081340
734154.416700,-9.732139
734154.500000,-9.874587
734155.000000,-9.936242
734155.500000,-9.774728
734156.000000,-9.783088
734156.500000,-9.926517
734157.000000,-9.840935
734157.500000,-10.226583
734158.000000,-10.232791
734158.500000,-10.448240
734159.000000,-9.625864
734159.500000,-9.911662
734160.000000,-9.754429
734160.500000,-9.892349
734161.000000,-9.559704
734161.500000,-9.497113
734162.000000,-9.587702
734162.500000,-9.378908
734163.000000,-9.571501
734163.500000,-9.328929
734164.000000,-9.719642
734164.500000,-9.859749
734165.000000,-9.973799
734165.500000,-9.792526
734166.000000,-9.912769
734166.500000,-9.893327
734167.000000,-9.981740
734167.500000,-9.755779
734168.000000,-9.659788
734168.500000,-9.718945
734169.000000,-9.495994
734169.500000,-9.359954
734170.000000,-9.448211
734170.500000,-9.631748
734171.000000,-9.528924
734171.500000,-9.590115
734172.000000,-9.806111
734172.500000,-9.360863
734172.625000,-9.528246
734172.666700,-9.466873
734172.708300,-9.309171
734179.000000,-9.896529
734179.500000,-9.733177
734180.000000,-9.712969
734180.500000,-9.666827
734181.000000,-9.767223
734181.500000,-9.611825
734182.000000,-9.236942
734182.500000,-8.915922
734183.000000,-9.428802
734183.500000,-8.790958
734184.000000,-9.079891
734184.500000,-9.256531
734185.000000,-9.469234
734185.500000,-9.262887
734186.000000,-9.088210
734186.500000,-9.548903
734187.000000,-9.570812
734187.500000,-9.301158
734188.000000,-9.456359
734188.500000,-9.479827
734189.000000,-9.663097
734189.500000,-9.160976
734190.000000,-8.874212
734190.500000,-9.538101
734191.000000,-9.440379
734191.500000,-9.443325
734192.000000,-9.315874
734192.500000,-9.405801
734193.000000,-9.164979
734193.500000,-9.447552
734194.500000,-9.385880
734195.000000,-9.066619
734195.500000,-9.457539
734196.000000,-9.061177
734196.500000,-9.045415
734197.000000,-9.286649
734197.500000,-9.324475
734198.000000,-9.467344
734198.500000,-9.427802
734199.000000,-9.656973
734199.500000,-9.601361
734200.000000,-9.432854
734200.500000,-9.178963
734201.000000,-9.245208
734201.500000,-9.464068
734202.000000,-9.125406
734202.500000,-9.372815
734203.000000,-9.213338
734203.500000,-9.353380
734204.000000,-9.546905
734204.500000,-9.296817
734205.000000,-9.411471
734205.500000,-8.764505
734206.000000,-8.748489
734206.500000,-8.449473
734207.000000,-8.617736
734207.500000,-9.179294
734208.000000,-8.573907
734208.500000,-8.723820
734209.000000,-8.816027
734209.500000,-8.993328
734210.000000,-9.060794
734210.500000,-8.789484
734211.000000,-8.835825
734211.500000,-9.262947
734212.000000,-9.316654
734212.500000,-9.510085
734220.000000,-7.773806
734220.500000,-7.763491
734221.000000,-8.017359
734221.500000,-8.255703
734222.000000,-8.190533
734222.500000,-8.149592
734223.000000,-8.719691
734223.500000,-8.436394
734224.000000,-8.990330
734224.500000,-8.994266
734225.000000,-8.557875
734225.500000,-8.354835
734226.000000,-8.426987
734226.500000,-8.601419
734227.000000,-8.978214
734227.500000,-8.685011
734228.000000,-8.619261
734228.500000,-8.555858
734229.000000,-8.899217
734229.500000,-8.697562
734230.000000,-9.333137
734230.500000,-8.962898
734231.000000,-9.427363
734231.500000,-9.318717
734232.000000,-8.954612
734232.500000,-9.192994
734233.000000,-8.650600
734233.500000,-8.948417
734234.000000,-8.650785
734234.500000,-8.464292
734235.000000,-8.786459
734235.500000,-8.756776
734236.000000,-8.517425
734236.500000,-8.656320
734237.000000,-8.597470
734237.416700,-8.829691
734237.458300,-8.496901
734237.500000,-8.500653
734237.541700,-8.523178
734237.583300,-8.654167
734237.625000,-8.633567
734237.666700,-8.763116
734237.708300,-8.705218
734237.750000,-8.710248
734237.791700,-8.458995
734237.833300,-8.356515
734237.875000,-8.536646
734237.916700,-8.477520
734237.958300,-8.622219
734238.000000,-8.522412
734238.041700,-8.414592
734238.083300,-8.828960
734238.125000,-8.831502
734238.166700,-8.804760
734238.208300,-8.756653
734238.250000,-8.636903
734238.291700,-8.683634
734238.333300,-8.862265
734238.375000,-8.708272
734238.500000,-8.456183
734239.000000,-8.408178
734240.500000,-8.503394
734241.000000,-8.321523
734241.500000,-9.087854
734242.000000,-9.010106
734242.500000,-8.886047
734243.000000,-8.898266
734243.500000,-8.816048
734244.000000,-8.534150
734244.500000,-8.632610
734245.000000,-9.059793
734245.500000,-8.525161
734246.000000,-8.571158
734246.500000,-8.691983
734247.000000,-8.982352
734247.500000,-8.473066
734248.000000,-8.532981
734248.500000,-8.352155
734249.000000,-8.779723
734249.500000,-8.635161
734250.000000,-8.604672
734250.500000,-8.854995
734251.000000,-8.626066
734251.500000,-8.712773
734252.000000,-9.126227
734252.500000,-8.415862
734253.000000,-8.210832
734253.500000,-8.988504
734254.000000,-9.224097
734254.500000,-9.062156
734255.000000,-9.106791
734255.500000,-9.366322
734256.000000,-9.240202
734256.500000,-8.732378
734257.000000,-9.331267
734257.500000,-8.646120
734258.000000,-8.878102
734258.500000,-8.739782
734259.000000,-8.487160
734259.500000,-8.927986
734260.000000,-8.852369
734260.500000,-8.545568
734261.000000,-8.145473
734261.500000,-8.010448
734262.000000,-8.228387
734262.500000,-8.573336
734263.000000,-8.562258
734263.500000,-8.513750
734264.000000,-8.015974
734264.500000,-7.993846
734265.000000,-8.302230
734265.500000,-8.303314
734266.000000,-8.315452
734266.500000,-8.520116
734267.000000,-8.586446
734267.500000,-8.601720
734268.000000,-8.932348
734268.500000,-8.772158
734269.000000,-8.646404
734269.500000,-8.689549
734270.000000,-8.819829
734270.500000,-8.889751
734271.000000,-8.637161
734271.500000,-8.588680
734272.000000,-9.126082
734272.500000,-8.753109
734273.000000,-9.092653
734273.500000,-8.998282
734274.000000,-9.109073
734274.500000,-9.153668
734275.000000,-9.390536
734275.500000,-9.054051
734276.000000,-9.436398
734276.500000,-9.241636
734277.000000,-9.021624
734277.500000,-9.012563
734278.000000,-9.313292
734278.500000,-9.096822
734279.000000,-9.024143
734279.500000,-8.987175
734280.000000,-9.113338
734280.500000,-8.690639
734281.000000,-8.554558
734281.500000,-8.482717
734282.000000,-8.601953
734282.500000,-8.810595
734283.000000,-8.719692
734283.500000,-8.511681
734284.000000,-8.662800
734284.500000,-8.974049
734285.000000,-8.774467
734285.500000,-8.861023
734286.000000,-8.903644
734286.500000,-8.335200
734287.000000,-8.533624
734287.500000,-8.921601
734288.000000,-9.091213
734288.500000,-9.282004
734289.000000,-9.266814
734289.250000,-9.417863
734289.500000,-9.560857
734289.625000,-9.763557
734291.583300,-8.097591
734292.000000,-8.095941
734292.500000,-8.075838
734293.000000,-8.334628
734293.500000,-8.512543
734294.000000,-8.867073
734294.500000,-9.234512
734295.000000,-9.330882
734295.500000,-9.231763
734296.000000,-9.556554
734296.500000,-9.320727
734297.000000,-9.499881
734297.500000,-9.290966
734298.000000,-8.992839
734298.500000,-8.450586
734299.000000,-8.492698
734299.500000,-8.427172
734300.000000,-8.281422
734300.500000,-7.752886
734301.000000,-7.732708
734301.500000,-7.967594
734302.000000,-7.958914
734302.500000,-8.642293
734303.000000,-8.774425
734303.500000,-9.356119
734304.000000,-9.191688
734304.500000,-9.024667
734305.000000,-8.989471
734305.500000,-9.310178
734306.000000,-9.667171
734306.500000,-9.744847
734307.000000,-9.787750
734307.500000,-9.349833
734308.000000,-9.017657
734308.500000,-9.170296
734309.000000,-9.582836
734309.500000,-9.153162
734310.000000,-9.052597
734310.500000,-9.297981
734311.000000,-9.238078
734311.500000,-9.113979
734312.000000,-8.914424
734312.500000,-9.901260
734313.000000,-9.586472
734313.500000,-9.061635
734314.000000,-9.218441
734314.500000,-9.200160
734315.000000,-9.220230
734315.500000,-9.026157
734316.000000,-8.968256
734316.500000,-9.078448
734317.000000,-9.115648
734317.500000,-9.023466
734318.000000,-9.116495
734318.500000,-9.391499
734319.000000,-8.948035
734319.500000,-9.088158
734320.000000,-9.388735
734320.500000,-9.222007
734321.000000,-9.686741
734321.500000,-9.800636
734322.000000,-9.687602
734322.500000,-9.789757
734323.000000,-9.531927
734323.500000,-9.902391
734324.000000,-9.831577
734324.500000,-9.607498
734325.000000,-9.685417
734325.500000,-9.786213
734326.000000,-10.017913
734326.500000,-9.822749
734327.000000,-9.559020
734327.500000,-9.555181
734328.000000,-9.796443
734328.500000,-9.793941
734329.000000,-9.741457
734329.500000,-10.025191
734330.000000,-10.221434
734330.500000,-9.866178
734331.000000,-10.677460
734331.500000,-10.318416
734331.625000,-10.097127
734332.625000,-10.508923
734333.000000,-10.761462
734333.500000,-10.747224
734334.000000,-10.651666
734334.500000,-10.638135
734335.000000,-10.359258
734335.500000,-10.716092
734336.000000,-10.951095
734336.500000,-11.203617
734337.000000,-10.774677
734337.500000,-10.802937
734338.000000,-10.625819
734338.500000,-10.711621
734339.000000,-11.154227
734339.500000,-10.988144
734340.000000,-11.243683
734340.500000,-11.376382
734341.000000,-11.720673
734341.500000,-11.620615
734342.000000,-11.664396
734342.500000,-11.594299
734343.000000,-11.554751
734343.500000,-11.754079
734344.000000,-11.584615
734344.500000,-11.900138
734345.000000,-11.924273
734345.500000,-12.017062
734346.000000,-11.779801
734346.500000,-11.745855
734347.000000,-11.901498
734347.500000,-11.841611
734348.000000,-11.850359
734348.500000,-11.997698
734349.000000,-12.406778
734349.500000,-11.791320
734350.000000,-11.897083
734350.500000,-11.400165
734351.000000,-11.721078
734351.500000,-11.614431
734352.000000,-11.805781
734352.500000,-11.576987
734353.000000,-11.542548
734353.500000,-11.894846
734354.000000,-11.912463
734354.500000,-11.564108
734355.000000,-11.837925
734355.500000,-11.952331
734356.000000,-12.181447
734356.500000,-12.568556
734357.000000,-12.235772
734357.500000,-12.236373
734358.000000,-12.161138
734358.500000,-12.113526
734359.000000,-12.298541
734359.500000,-12.304845
734360.000000,-12.601268
734360.500000,-12.206303
734361.000000,-12.000415
734361.500000,-12.247892
734362.000000,-12.348244
734362.500000,-12.264855
734363.000000,-12.473234
734363.500000,-12.282146
734364.000000,-12.703362
734364.500000,-12.731907
734365.000000,-12.611311
734365.500000,-12.413519
734366.000000,-12.149893
734366.500000,-11.850160
734367.000000,-11.998616
734367.500000,-12.126604
734368.000000,-12.199198
734368.500000,-12.268097
734369.000000,-11.966575
734369.500000,-11.682539
734370.000000,-11.904442
734370.500000,-12.248442
734371.000000,-12.103080
734371.500000,-11.928945
734372.000000,-12.228352
734372.500000,-12.887084
734373.000000,-13.033986
734373.500000,-13.207920
734374.000000,-13.067301
734374.500000,-12.860857
734375.000000,-12.742919
734375.500000,-12.631547
734376.000000,-12.533942
734376.500000,-12.573370
734377.000000,-12.541891
734377.500000,-12.849763
734378.000000,-13.183478
734378.500000,-12.537643
734379.000000,-12.545981
734379.500000,-12.490253
734380.000000,-12.364922
734380.500000,-12.610392
734381.000000,-12.325484
734381.500000,-12.386956
734382.000000,-12.458738
734382.500000,-12.502616
734383.000000,-12.808927
734383.500000,-12.917641
734384.000000,-12.759101
734384.500000,-13.055747
734385.000000,-12.343508
734385.500000,-12.640839
734386.000000,-12.544344
734386.500000,-12.933820
734387.000000,-12.821237
734387.500000,-12.460802
734388.000000,-12.552851
734388.500000,-12.721404
734389.000000,-13.094931
734389.500000,-12.409751
734390.000000,-12.301077
734390.958300,-13.288775
734391.000000,-12.981178
734391.500000,-12.996818
734401.500000,-11.528053
734402.000000,-11.701351
734402.500000,-11.729749
734403.000000,-12.487816
734403.500000,-12.875243
734404.000000,-12.432594
734404.500000,-12.582200
734405.000000,-12.919919
734405.500000,-12.549380
734406.000000,-12.748701
734406.500000,-13.121945
734407.000000,-12.892573
734407.500000,-12.762629
734408.000000,-13.089965
734408.500000,-13.207671
734409.000000,-13.034145
734409.500000,-13.021969
734410.000000,-13.015602
734410.500000,-13.233266
734411.000000,-13.613954
734411.500000,-13.765922
734412.000000,-13.549927
734412.500000,-13.110924
734413.000000,-13.349401
734413.500000,-13.340505
734414.000000,-12.941787
734414.500000,-12.832323
734415.000000,-12.761280
734415.500000,-13.088437
734416.000000,-12.973680
734417.000000,-12.582369
734417.500000,-12.923325
734418.000000,-12.657605
734418.500000,-12.867508
734419.000000,-12.975986
734419.500000,-12.865386
734420.000000,-13.456802
734420.500000,-13.267076
734421.000000,-13.470476
734421.500000,-13.092376
734422.000000,-12.979382
734422.500000,-12.522265
734423.000000,-13.084494
734423.500000,-13.182552
734424.000000,-12.982477
734424.500000,-13.199289
734425.000000,-12.978877
734425.500000,-13.063837
734426.000000,-13.384941
734426.500000,-13.249305
734427.000000,-13.413538
734427.500000,-12.682747
734428.000000,-13.138503
734428.500000,-12.908663
734429.000000,-13.059172
734429.500000,-12.893696
734430.000000,-12.736001
734430.500000,-12.974750
734431.000000,-13.202675
734431.500000,-13.365629
734432.000000,-13.010483
734432.500000,-13.288741
734433.000000,-13.113585
734433.500000,-13.306489
734434.000000,-13.000738
734434.500000,-13.200522
734435.000000,-13.269669
734435.500000,-13.109953
734436.000000,-13.637171
734436.500000,-13.351628
734437.000000,-13.089482
734437.500000,-13.651893
734438.000000,-13.582824
734438.500000,-13.281414
734439.000000,-13.418844
734439.500000,-13.612962
734440.000000,-13.321959
734440.500000,-13.610947
734441.000000,-13.369109
734441.500000,-13.432740
734442.000000,-13.224314
734442.500000,-13.530507
734443.000000,-13.369100
734443.500000,-13.343949
734444.000000,-13.597149
734444.500000,-13.434713
734445.000000,-13.008917
734445.500000,-13.070276
734446.000000,-12.693013
734446.500000,-13.097109
734447.500000,-13.165248
734448.000000,-13.022410
734448.500000,-13.034599
734449.000000,-13.359010
734449.500000,-13.595676
734450.000000,-13.725908
734450.500000,-13.285230
734451.000000,-13.333177
734451.500000,-13.278665
734452.000000,-12.978346
734452.500000,-12.966195
734453.000000,-13.376301
734453.500000,-13.365885
734454.000000,-13.234914
734454.500000,-13.901177
734455.000000,-13.641516
734455.500000,-13.429866
734456.000000,-13.472076
734456.500000,-13.011415
734457.000000,-12.852621
734457.500000,-12.793593
734458.000000,-12.958557
734458.500000,-12.859701
734459.000000,-13.019785
734459.500000,-12.965696
734460.000000,-12.873388
734460.500000,-12.466889
734461.000000,-12.842705
734461.500000,-12.971081
734462.000000,-12.943694
734462.500000,-13.074708
734463.000000,-13.334003
734463.500000,-13.033486
734464.000000,-12.891485
734464.500000,-12.894615
734465.000000,-13.244641
734465.500000,-12.741782
734466.000000,-12.994285
734466.500000,-13.104003
734467.000000,-13.562849
734467.500000,-13.323328
734468.000000,-13.205144
734468.500000,-13.077672
734469.000000,-13.010225
734469.500000,-13.227112
734470.000000,-13.151827
734470.500000,-13.031345
734471.000000,-13.104955
734471.500000,-12.925315
734472.000000,-12.951290
734472.500000,-13.313353
734473.000000,-13.281275
734473.500000,-13.362586
734474.000000,-13.280256
734474.500000,-13.588190
734475.000000,-13.302022
734475.500000,-13.199254
734476.000000,-12.948952
734476.500000,-12.786926
734477.000000,-12.957113
734477.500000,-12.690871
734478.000000,-12.804427
734478.500000,-13.130018
734479.000000,-12.968221
734479.500000,-13.243066
734480.000000,-13.297098
734480.500000,-12.853848
734481.000000,-13.381057
734481.500000,-13.340917
734482.000000,-12.587323
734482.500000,-12.295306
734483.000000,-12.296204
734483.500000,-12.318305
734484.000000,-12.662392
734484.500000,-12.665297
734485.000000,-13.107195
734485.500000,-13.247014
734486.000000,-13.135892
734486.500000,-13.583991
734487.000000,-13.345109
734487.500000,-13.648514
734488.000000,-13.318288
734488.500000,-13.021838
734489.000000,-13.067903
734489.500000,-13.013377
734490.000000,-13.049070
734490.500000,-13.382003
734491.000000,-13.420816
734491.500000,-13.300890
734492.000000,-12.804908
734492.500000,-12.688651
734493.000000,-12.594661
734493.500000,-13.029072
734494.000000,-12.827873
734494.500000,-13.055541
734495.000000,-12.961209
734495.500000,-12.918456
734496.000000,-12.732096
734496.500000,-12.288074
734497.000000,-12.226409
734497.500000,-12.894371
734498.000000,-12.530587
734498.500000,-12.860556
734499.000000,-12.771230
734499.500000,-13.002302
734500.000000,-12.803422
734500.500000,-13.254112
734501.000000,-12.660131
734501.500000,-13.285130
734502.000000,-13.421472
734502.500000,-13.300692
734503.000000,-13.377687
734503.500000,-13.493669
734504.000000,-13.277510
734504.500000,-13.141774
734505.000000,-12.879709
734505.500000,-12.944122
734506.000000,-13.026548
734506.500000,-12.535852
734507.000000,-12.429839
734507.500000,-12.769537
734508.000000,-12.885986
734508.500000,-12.578771
734509.000000,-12.699887
734509.500000,-12.796443
734510.000000,-12.801025
734510.500000,-12.463083
734511.000000,-12.275982
734511.500000,-12.527142
734512.000000,-12.481179
734512.500000,-12.664202
734513.000000,-12.697791
734513.500000,-12.433532
734514.000000,-12.063470
734514.500000,-12.133627
734515.000000,-12.431088
734515.500000,-12.330169
734516.000000,-12.472270
734516.500000,-12.680975
734517.000000,-12.954902
734517.500000,-13.249347
734518.000000,-12.873196
734518.500000,-12.313829
734519.000000,-12.353138
734519.500000,-12.283859
734520.000000,-12.271438
734520.500000,-12.068721
734521.000000,-12.199057
734521.500000,-12.213614
734522.000000,-12.265375
734522.500000,-12.126881
734523.000000,-12.531665
734523.500000,-11.921225
734524.000000,-12.248260
734524.500000,-11.891541
734525.000000,-12.195062
734525.500000,-12.577248
734526.000000,-12.517175
734526.500000,-12.317887
734527.000000,-11.896292
734527.500000,-11.698530
734528.000000,-12.199768
734528.500000,-12.180757
734529.000000,-12.391802
734529.500000,-11.884077
734530.000000,-11.881560
734530.500000,-12.120954
734531.000000,-12.089605
734531.500000,-12.125213
734532.000000,-12.655177
734532.500000,-12.064434
734533.000000,-12.157227
734533.500000,-12.461764
734534.000000,-12.784920
734534.500000,-12.167461
734535.000000,-12.289375
734535.500000,-12.036565
734536.000000,-11.790486
734536.500000,-11.822083
734537.000000,-11.812512
734537.500000,-11.386109
734538.000000,-11.307358
734538.500000,-11.616164
734539.000000,-11.927217
734539.500000,-11.997583
734540.000000,-11.993888
734540.500000,-12.067120
734541.000000,-11.773963
734541.500000,-11.672654
734542.000000,-11.692919
734542.500000,-11.806210
734543.000000,-12.093819
734543.500000,-12.029100
734544.000000,-11.795046
734544.500000,-11.933274
734545.000000,-11.501426
734545.500000,-11.196446
734546.000000,-11.595831
734546.500000,-11.100362
734547.000000,-11.259561
734547.500000,-11.178916
734548.000000,-11.458755
734548.500000,-11.500856
734549.000000,-11.532332
734549.500000,-11.532818
734550.000000,-11.720508
734550.500000,-11.429976
734551.000000,-11.606923
734551.500000,-11.465531
734552.000000,-11.587631
734552.500000,-11.863810
734553.000000,-11.891622
734553.500000,-12.128606
734553.958300,-12.021358
734554.500000,-11.733493
734555.000000,-11.505369
734555.500000,-11.662894
734556.000000,-11.443426
734557.000000,-11.813557
734558.000000,-12.023857
734558.458300,-11.572174
734559.000000,-11.368458
734559.500000,-11.335513
734560.000000,-10.941762
734560.500000,-10.623505
734561.000000,-11.256248
734561.500000,-11.465741
734562.000000,-11.473982
734562.500000,-11.613795
734563.000000,-11.812646
734563.500000,-11.787031
734564.000000,-11.509598
734564.500000,-11.596785
734565.000000,-11.525942
734565.500000,-11.678737
734566.000000,-11.309765
734566.500000,-11.493198
734567.000000,-11.459890
734567.500000,-11.290536
734568.000000,-11.189545
734568.500000,-11.041892
734569.000000,-11.011855
734569.500000,-11.643701
734570.000000,-11.799881
734570.500000,-11.581707
734571.000000,-11.651705
734571.500000,-11.148140
734572.000000,-11.660747
734572.500000,-11.166770
734573.000000,-11.145254
734573.500000,-11.213388
734574.000000,-11.339803
734574.500000,-11.292088
734575.000000,-11.730856
734575.500000,-11.774284
734576.000000,-11.348577
734576.500000,-11.109440
734577.000000,-10.860042
734577.500000,-11.020014
734578.000000,-11.058903
734578.500000,-11.418714
734579.000000,-11.153597
734579.500000,-11.429664
734580.000000,-11.335097
734580.500000,-11.595757
734581.000000,-11.062562
734581.500000,-11.478614
734582.000000,-11.253421
734582.500000,-10.854132
734583.000000,-10.935835
734583.500000,-10.512857
734584.000000,-10.691387
734584.500000,-11.103416
734585.000000,-10.604951
734585.500000,-10.507863
734586.000000,-10.840698
734586.500000,-10.720211
734587.000000,-10.634863
734587.500000,-10.903016
734588.000000,-10.559168
734588.500000,-10.343249
734589.000000,-10.730678
734589.500000,-11.275206
734590.000000,-11.292836
734590.500000,-11.213027
734591.000000,-11.272496
734591.500000,-11.518965
734592.000000,-11.734355
734592.500000,-11.344224
734593.000000,-11.102872
734593.500000,-11.001608
734594.000000,-11.192612
734594.500000,-10.976932
734595.000000,-11.051743
734595.500000,-11.542065
734596.000000,-11.583276
734596.500000,-10.961461
734597.000000,-11.431755
734597.500000,-11.484801
734598.000000,-11.746708
734598.500000,-10.889163
734599.000000,-10.830609
734599.500000,-10.312595
734600.000000,-10.564299
734600.500000,-10.905956
734601.000000,-11.022513
734601.500000,-11.090880
734602.000000,-10.892104
734602.500000,-11.372031
734603.000000,-11.596933
734603.500000,-11.249220
734604.000000,-11.656390
734604.500000,-11.570109
734605.000000,-11.673540
734605.500000,-11.302941
734606.000000,-11.613469
734606.500000,-11.195610
734607.000000,-11.084251
734607.500000,-11.061565
734608.000000,-10.799137
734608.500000,-10.584095
734609.000000,-10.681956
734609.500000,-11.176475
734610.000000,-10.943585
734610.500000,-10.928186
734611.000000,-10.621069
734611.500000,-10.744570
734612.000000,-10.420641
734613.000000,-11.318573
734613.500000,-11.125765
734614.000000,-11.406654
734614.500000,-11.401183
734615.000000,-11.261621
734615.500000,-11.224586
734616.000000,-11.072571
734616.500000,-11.171257
734617.000000,-11.058762
734617.500000,-11.094614
734618.000000,-11.107554
734618.500000,-11.028644
734619.000000,-10.804976
734619.500000,-10.683755
734620.000000,-11.105102
734620.500000,-11.232711
734621.000000,-11.135543
734621.500000,-11.226579
734622.000000,-10.983260
734622.500000,-11.166513
734623.000000,-10.908898
734623.500000,-10.760211
734624.000000,-10.761071
734624.500000,-10.836348
734625.000000,-10.821450
734625.500000,-10.748783
734626.000000,-10.408063
734626.500000,-10.264649
734627.000000,-10.629817
734627.500000,-11.076275
734628.000000,-11.203958
734628.500000,-10.850413
734629.000000,-10.927422
734629.500000,-11.012805
734630.000000,-10.664572
734630.500000,-10.978843
734631.000000,-10.910709
734631.500000,-10.983955
734632.000000,-11.060951
734632.500000,-11.412848
734633.000000,-11.036568
734633.500000,-10.859696
734634.000000,-10.914031
734634.500000,-11.218144
734635.000000,-11.096205
734635.500000,-10.671495
734636.000000,-10.946137
734636.500000,-11.167070
734637.000000,-11.433272
734637.500000,-11.523836
734638.000000,-11.339181
734638.500000,-11.520023
734639.000000,-11.235325
734639.500000,-11.058524
734640.000000,-10.890242
734640.500000,-11.184879
734641.000000,-11.256438
734642.500000,-11.770940
734643.000000,-11.865449
734643.500000,-11.385734
734644.000000,-11.121284
734644.500000,-11.614595
734645.000000,-11.627385
734645.500000,-12.016451
734646.000000,-11.467236
734646.500000,-11.385955
734647.000000,-11.554557
734647.500000,-11.602561
734648.000000,-11.808514
734648.500000,-11.796374
734649.000000,-11.496481
734649.500000,-11.610239
734650.000000,-11.893106
734650.500000,-11.716819
734651.000000,-11.509634
734651.500000,-11.579452
734652.000000,-11.110260
734652.500000,-11.589849
734653.000000,-11.345880
734653.500000,-11.576059
734654.000000,-11.529118
734654.500000,-11.482865
734655.000000,-11.992492
734655.500000,-12.118835
734656.000000,-11.742079
734656.500000,-12.184173
734657.000000,-11.516225
734657.500000,-11.488990
734658.000000,-11.522808
734658.500000,-11.116059
734659.000000,-11.329601
734659.500000,-11.288458
734660.000000,-11.100188
734660.500000,-11.034380
734661.000000,-10.889167
734661.500000,-11.243034
734662.000000,-11.274393
734662.500000,-11.751941
734663.000000,-11.995224
734663.500000,-11.448659
734664.000000,-11.606984
734664.500000,-11.764952
734665.000000,-11.224438
734665.500000,-11.384781
734666.000000,-10.965578
734666.500000,-11.249010
734667.000000,-11.388253
734667.500000,-10.757685
734668.000000,-11.242436
734668.500000,-11.612343
734669.000000,-12.218300
734669.500000,-11.908043
734670.000000,-11.478605
734670.500000,-11.378604
734671.000000,-11.369448
734671.500000,-11.383132
734672.000000,-11.754788
734672.500000,-11.595501
734673.000000,-11.279501
734673.500000,-11.618569
734674.000000,-11.438063
734674.500000,-11.648757
734675.000000,-11.675276
734675.416700,-11.702592
734678.000000,-10.524224
734678.500000,-10.928217
734679.000000,-11.248564
734679.500000,-10.886755
734680.000000,-10.891484
734680.500000,-10.685690
734681.000000,-10.418802
734681.500000,-10.630092
734681.958300,-10.733467
734682.500000,-11.098433
734682.958300,-10.993917
734683.500000,-11.302542
734683.958300,-11.422053
734684.500000,-11.648091
734684.958300,-11.600080
734685.500000,-11.746361
734685.958300,-12.025652
734686.500000,-11.814131
734686.958300,-11.772138
734687.500000,-11.513486
734687.958300,-11.840970
734688.500000,-12.143180
734688.958300,-11.654172
734689.500000,-12.133799
734689.958300,-11.475935
734690.500000,-11.808541
734690.958300,-11.805200
734691.500000,-11.715474
734691.958300,-12.090863
734692.500000,-11.929383
734692.958300,-11.842649
734693.500000,-11.926110
734693.958300,-12.054122
734694.500000,-12.111645
734694.958300,-12.277361
734695.666700,-11.902833
734695.708300,-11.788800
734695.750000,-11.935113
734695.791700,-11.803725
734695.833300,-12.004781
734695.875000,-11.997935
734695.916700,-11.958737
734695.958300,-12.030917
734696.041700,-12.090711
734696.083300,-11.818819
734696.125000,-11.879209
734696.166700,-12.051332
734696.208300,-11.793292
734696.250000,-11.749619
734696.500000,-12.083161
734696.958300,-12.350847
734697.291700,-11.896482
734697.333300,-12.106947
734697.375000,-12.176317
734697.416700,-11.763106
734697.458300,-12.043572
734697.500000,-12.016022
734697.541700,-11.927086
734697.625000,-12.110847
734697.666700,-12.115169
734697.708300,-11.887293
734697.750000,-11.958886
734697.791700,-12.035016
734697.833300,-12.116968
734697.875000,-11.700297
734697.916700,-12.029403
734697.958300,-12.090741
734698.041700,-11.901720
734698.083300,-11.969813
734698.125000,-11.967092
734698.166700,-11.719572
734698.208300,-11.812925
734698.250000,-11.843586
734698.500000,-11.746560
734698.958300,-11.592846
734699.500000,-11.745839
734699.958300,-11.739855
734700.500000,-12.329627
734700.958300,-12.145208
734701.500000,-12.037328
734701.958300,-12.050900
734702.500000,-11.913461
734702.958300,-11.876401
734703.500000,-11.856000
734703.958300,-12.170838
734704.500000,-12.274713
734704.958300,-12.446267
734705.500000,-12.362582
734705.958300,-12.297688
734706.500000,-12.167661
734706.958300,-11.800796
734707.500000,-11.821349
734707.958300,-11.845257
734708.500000,-11.685339
734708.958300,-11.620662
734709.500000,-11.450361
734709.958300,-11.985488
734711.541700,-11.592482
734711.958300,-12.008861
734712.500000,-11.822558
734712.958300,-11.893917
734713.500000,-11.995996
734713.958300,-12.418933
734714.500000,-12.077631
734714.958300,-12.098388
734715.500000,-12.087865
734715.958300,-11.909227
734716.500000,-11.977030
734718.500000,-11.973473
734718.958300,-11.846740
734719.500000,-12.126259
734719.958300,-12.373661
734720.500000,-12.147005
734720.958300,-12.093910
734721.500000,-11.807976
734721.958300,-11.973512
734722.500000,-11.943196
734722.958300,-12.063147
734723.500000,-11.783482
734723.958300,-11.750566
734724.500000,-12.090297
734724.958300,-12.071203
734725.958300,-12.353875
734726.500000,-12.251516
734726.958300,-12.514400
734727.500000,-12.334357
734727.958300,-12.529125
734728.500000,-12.242392
734728.958300,-11.939987
734729.500000,-12.414945
734729.958300,-12.309121
734730.500000,-12.319285
734730.958300,-12.478050
734731.500000,-12.803604
734731.958300,-12.126364
734732.500000,-12.594955
734732.958300,-12.264318
734733.500000,-12.466043
734733.958300,-12.851109
734734.500000,-13.002228
734734.958300,-13.234149
734735.958300,-12.628926
734736.500000,-12.313104
734736.958300,-12.455938
734738.500000,-13.008509
734738.958300,-12.815531
734739.500000,-12.909612
734739.958300,-12.649546
734740.958300,-12.029618
734741.500000,-12.212853
734741.958300,-12.625678
734742.500000,-12.416604
734742.958300,-12.572010
734743.500000,-12.642024
734743.958300,-12.794757
734744.958300,-13.021553
734745.500000,-12.505828
734745.958300,-12.201732
734746.500000,-12.623962
734746.958300,-12.531908
734747.583300,-12.888396
734747.958300,-13.227716
734748.500000,-12.858474
734748.958300,-12.830863
734749.500000,-12.612990
734749.958300,-12.408672
734750.500000,-12.328450
734750.958300,-12.777115
734751.500000,-13.036520
734751.958300,-13.501821
734752.958300,-12.431674
734753.583300,-12.924919
734753.958300,-12.509370
734754.500000,-12.799921
734754.958300,-12.586474
734755.500000,-12.646649
734755.958300,-12.299333
734756.500000,-12.372454
734756.958300,-12.372720
734757.500000,-12.012630
734757.541700,-12.128359
734757.958300,-12.195237
734758.500000,-12.341803
734758.958300,-12.484415
734759.500000,-12.610094
734760.000000,-12.704427
734760.500000,-12.744372
734761.000000,-12.679299
734761.500000,-12.608840
734762.000000,-12.496961
734762.500000,-12.695728
734763.000000,-12.739348
734763.500000,-12.714285
734764.000000,-13.257644
734764.500000,-13.212971
734765.000000,-13.126772
734765.500000,-13.118312
734766.000000,-13.182474
734766.500000,-13.033421
734767.000000,-12.874218
734767.500000,-13.440888
734768.000000,-13.115531
734768.500000,-13.318588
734769.000000,-13.229965
734769.500000,-13.179898
734770.000000,-13.254865
734770.500000,-13.167341
734771.000000,-13.014848
734771.500000,-13.053292
734772.000000,-12.975775
734772.500000,-13.283145
734773.000000,-12.890742
734773.500000,-12.384512
734774.000000,-12.767495
734774.500000,-12.732340
734775.000000,-12.942038
734775.500000,-12.567469
734776.000000,-13.003588
734776.500000,-13.145143
734777.000000,-12.488274
734777.500000,-12.539044
734778.000000,-12.509441
734778.500000,-12.751606
734779.000000,-12.948545
734779.500000,-12.710237
734780.000000,-12.550265
734780.500000,-12.253652
734781.000000,-12.578162
734781.500000,-12.688038
734782.000000,-12.765542
734782.500000,-12.515251
734783.000000,-12.931230
734783.500000,-13.059231
734784.000000,-13.286290
734784.500000,-13.284829
734785.000000,-12.957175
734785.500000,-13.399201
734786.000000,-13.490080
734786.500000,-13.501936
734787.000000,-13.189927
734787.500000,-13.340419
734788.000000,-13.065511
734788.500000,-13.367670
734789.000000,-13.165021
734789.500000,-13.346500
734790.000000,-13.532584
734791.500000,-12.822347
734792.000000,-12.840619
734792.500000,-13.242896
734793.000000,-13.086761
734793.500000,-12.891286
734794.000000,-12.829588
734794.500000,-13.054628
734795.000000,-12.891543
734795.500000,-12.471288
734796.000000,-13.041710
734796.500000,-12.941388
734797.000000,-13.251709
734797.500000,-12.982745
734798.000000,-12.338969
734798.500000,-12.598831
734799.000000,-12.858060
734799.500000,-13.008773
734800.000000,-13.415148
734802.000000,-12.956170
734802.500000,-13.031754
734803.000000,-13.213232
734803.500000,-13.272976
734804.000000,-13.326493
734804.500000,-12.972614
734805.000000,-12.924047
734808.541700,-13.321234
734809.500000,-12.988684
734810.000000,-13.177921
734810.500000,-13.089108
734811.000000,-13.198784
734811.500000,-13.268106
734812.000000,-13.211458
734812.500000,-13.364238
734813.000000,-13.215574
734813.500000,-13.255921
734814.000000,-13.277023
734814.500000,-12.884340
734815.000000,-12.734211
734815.500000,-12.542771
734816.000000,-12.999770
734816.500000,-12.936045
734817.000000,-12.723289
734817.500000,-13.178614
734818.000000,-13.087678
734818.500000,-13.130764
734819.000000,-13.353853
734819.500000,-13.426438
734820.000000,-13.069681
734820.500000,-13.187211
734821.000000,-13.275835
734821.500000,-12.723001
734822.000000,-13.082210
734822.500000,-13.223768
734823.000000,-13.400071
734823.500000,-13.555282
734824.000000,-13.279267
734824.500000,-13.063714
734825.000000,-13.297129
734825.500000,-13.389397
734826.000000,-13.387442
734826.500000,-13.189456
734827.000000,-12.868275
734827.500000,-13.361405
734828.000000,-12.991403
734828.500000,-12.691286
734829.000000,-13.099746
734829.500000,-13.102941
734830.000000,-13.009817
734830.500000,-13.023149
734831.000000,-12.750293
734831.500000,-12.805540
734832.000000,-13.001961
734832.500000,-13.102914
734833.000000,-12.636819
734833.500000,-12.643413
734834.000000,-12.664717
734834.500000,-12.698751
734835.000000,-12.771832
734835.500000,-12.995938
734836.000000,-13.028640
734836.500000,-12.783932
734837.000000,-12.580386
734837.500000,-12.447218
734838.000000,-12.802044
734838.500000,-12.660022
734839.000000,-12.811810
734839.500000,-13.516035
734840.000000,-13.040058
734840.500000,-13.135741
734841.000000,-13.048379
734841.500000,-13.117301
734842.000000,-12.876832
734842.500000,-12.524847
734843.000000,-12.390638
734843.500000,-12.613647
734844.000000,-12.689625
734844.500000,-12.926962
734845.500000,-12.625679
734846.000000,-12.804474
734846.500000,-12.628413
734847.000000,-13.003645
734847.500000,-12.385531
734848.000000,-12.793321
734848.500000,-12.379264
734849.000000,-12.243328
734849.500000,-12.248333
734850.000000,-12.771382
734850.500000,-12.647268
734851.000000,-12.504689
734851.500000,-12.215931
734852.000000,-12.266403
734852.500000,-12.713402
734853.000000,-13.011431
734853.500000,-12.968391
734854.000000,-12.933648
734854.500000,-12.536615
734855.000000,-12.723778
734859.000000,-12.892180
734859.500000,-12.809594
734860.000000,-12.772329
734860.500000,-12.523321
734861.000000,-12.786645
734861.500000,-12.672988
734862.000000,-12.896556
734862.500000,-12.792831
734863.000000,-12.724201
734863.500000,-12.670482
734864.000000,-12.393575
734864.500000,-12.517461
734865.000000,-12.314630
734865.500000,-11.982928
734866.000000,-12.600935
734866.500000,-12.356713
734867.000000,-12.006038
734867.500000,-12.404008
734868.000000,-12.285093
734868.500000,-12.931410
734869.000000,-13.156428
734869.500000,-13.098205
734870.000000,-12.408138
734870.500000,-12.625756
734871.000000,-12.761820
734871.500000,-12.393118
734872.000000,-12.534564
734872.500000,-11.946832
734873.000000,-11.668634
734873.500000,-11.829983
734874.000000,-12.086913
734874.500000,-12.424406
734875.000000,-12.630249
734875.500000,-12.106384
734876.000000,-11.873008
734876.500000,-12.265764
734877.000000,-12.309445
734877.500000,-12.213524
734878.000000,-12.351596
734878.500000,-12.539335
734879.000000,-12.467577
734879.500000,-12.364835
734880.000000,-12.268989
734880.500000,-12.137133
734881.000000,-12.038313
734881.500000,-12.012949
734882.000000,-12.208588
734882.500000,-12.184499
734883.000000,-12.554648
734883.500000,-12.562073
734884.000000,-12.819163
734884.500000,-12.667150
734885.000000,-12.324368
734885.500000,-12.439770
734886.000000,-12.559249
734886.500000,-12.570301
734887.000000,-12.425731
734887.500000,-12.592135
734888.000000,-12.462245
734888.500000,-12.667220
734889.000000,-12.597127
734889.500000,-12.663597
734890.000000,-12.468522
734890.500000,-12.181815
734891.000000,-12.139517
734891.500000,-11.726494
734891.625000,-12.036267
734892.000000,-11.933184
734892.500000,-12.114273
734893.000000,-11.975038
734893.500000,-12.298627
734894.000000,-12.256130
734894.500000,-11.983834
734895.000000,-11.335539
734895.500000,-12.030873
734896.000000,-11.923614
734896.500000,-11.858390
734897.000000,-11.871669
734897.500000,-11.857793
734898.000000,-11.398902
734898.500000,-11.327403
734899.000000,-11.860581
734899.500000,-12.342288
734900.000000,-11.781451
734900.500000,-11.599724
734901.000000,-11.511048
734901.500000,-11.800462
734902.000000,-12.024806
734902.500000,-12.290019
734903.000000,-11.926697
734903.500000,-11.616234
734904.000000,-12.089424
734904.500000,-11.876966
734905.000000,-12.072509
734905.500000,-11.774948
734906.000000,-11.867652
734906.500000,-11.762586
734907.000000,-12.021652
734907.500000,-12.356529
734908.000000,-12.474317
734908.500000,-12.400381
734909.000000,-12.328936
734909.500000,-12.079188
734910.000000,-12.133990
734910.500000,-11.750784
734911.000000,-12.319738
734911.500000,-12.184244
734912.000000,-12.237759
734912.500000,-11.948723
734913.000000,-11.912313
734913.500000,-11.445253
734914.000000,-11.183444
734914.500000,-11.386820
734915.000000,-11.476992
734915.500000,-11.649638
734916.000000,-11.408286
734916.500000,-11.901642
734917.000000,-11.618143
734917.500000,-11.565605
734918.000000,-11.909520
734918.500000,-12.288309
734919.000000,-12.225187
734919.500000,-11.804960
734920.000000,-12.201900
734920.500000,-11.804634
734921.000000,-11.501868
734921.500000,-11.663937
734922.000000,-11.845279
734922.666700,-11.760464
734923.000000,-11.335750
734923.500000,-11.463991
734924.000000,-11.663013
734924.500000,-11.698724
734925.000000,-11.594782
734925.500000,-11.551184
734926.000000,-11.550791
734926.500000,-11.813681
734927.000000,-12.018695
734927.500000,-11.910706
734928.000000,-11.796398
734928.500000,-11.311966
734928.541700,-11.455357
734929.000000,-11.576174
734929.500000,-11.476589
734930.000000,-11.807221
734930.500000,-11.872077
734931.000000,-11.639128
734931.500000,-11.706672
734932.000000,-11.518386
734932.500000,-11.923788
734933.000000,-11.861158
734933.500000,-12.031790
734933.583300,-12.045791
734934.000000,-12.038283
734934.583300,-12.478440
734935.000000,-11.831415
734935.500000,-12.128287
734936.000000,-11.988295
734936.500000,-11.594057
734937.000000,-11.328972
734937.500000,-11.442544
734938.000000,-11.584204
734938.500000,-10.957193
734939.000000,-11.264184
734939.500000,-11.042349
734940.000000,-10.929051
734940.500000,-10.876606
734941.000000,-10.658960
734941.500000,-10.540473
734942.000000,-10.820060
734942.500000,-10.426178
734943.000000,-10.942961
734943.500000,-11.288369
734944.000000,-11.133850
734944.500000,-11.207805
734945.000000,-11.242987
734945.500000,-11.473705
734946.000000,-11.597379
734946.500000,-11.530285
734947.000000,-11.274825
734947.500000,-11.069606
734948.000000,-11.350062
734948.500000,-11.104811
734949.000000,-11.161208
734949.500000,-11.140729
734950.000000,-11.655595
734950.500000,-11.258151
734951.000000,-11.308577
734951.500000,-11.009309
734952.000000,-11.414760
734952.500000,-11.703473
734953.000000,-11.871573
734953.500000,-11.550905
734954.000000,-11.676148
734954.500000,-11.492616
734955.000000,-11.212717
734955.500000,-11.260359
734956.000000,-11.627829
734956.500000,-11.641606
734957.000000,-11.866740
734957.500000,-11.475267
734958.000000,-11.481342
734958.500000,-11.356237
734959.000000,-11.373564
734959.500000,-11.185882
734960.000000,-10.939178
734960.500000,-10.938094
734961.000000,-11.270526
734961.500000,-11.570957
734962.000000,-11.245032
734962.500000,-11.488775
734963.000000,-10.976298
734963.500000,-11.112990
734964.000000,-11.086717
734965.000000,-10.756558
734965.500000,-10.848872
734966.000000,-10.738300
734966.500000,-10.638531
734967.000000,-10.766236
734967.500000,-10.800270
734968.000000,-11.171863
734968.500000,-11.424611
734969.000000,-11.704032
734969.500000,-11.380200
734970.000000,-11.211589
734970.500000,-11.202770
734971.000000,-11.234376
734971.500000,-11.199344
734972.000000,-11.442087
734972.500000,-11.693230
734973.000000,-11.952980
734973.500000,-11.306770
734974.000000,-11.497264
734974.500000,-11.333907
734975.000000,-11.191602
734975.500000,-11.186484
734976.000000,-11.090195
734976.500000,-11.123330
734977.000000,-11.209061
734977.500000,-11.099934
734978.000000,-11.349770
734978.500000,-11.398502
734979.000000,-11.275030
734979.500000,-11.296716
734980.000000,-11.006508
734980.500000,-10.680435
734981.000000,-11.050350
734981.500000,-10.868972
734982.000000,-11.080851
734982.500000,-10.985430
734983.000000,-10.919637
734983.500000,-10.961411
734984.000000,-11.127502
734985.000000,-10.776799
734986.000000,-10.936024
734986.500000,-11.219013
734987.000000,-11.381067
734987.500000,-11.157143
734988.000000,-10.960309
734988.500000,-11.005444
734989.000000,-11.168251
